Date,Category,Amount
2023-03-06 09:49:27+00:00,,33.03
2023-03-24 10:18:38+00:00,,192.56
2023-04-05 07:13:52+00:00,,16.95
2023-05-08 08:18:37+00:00,,16.95
2023-05-09 02:36:50+00:00,,1.0
2023-05-09 02:36:51+00:00,,1.94
2023-05-09 02:40:36+00:00,,1.46
2023-05-09 02:46:40+00:00,,0.72
2023-05-11 02:13:07+00:00,,3.39
2023-05-11 02:32:27+00:00,,1.45
2023-05-11 02:56:13+00:00,General,2.42
2023-05-11 03:02:00+00:00,1000 Drones for Ukraine,4.37
2023-05-11 05:24:37+00:00,General,1.94
2023-05-11 05:37:16+00:00,Mobile Shower Laundry Units,2.91
2023-05-12 05:24:28+00:00,General,47.31
2023-05-12 17:48:41+00:00,General,19.68
2023-05-14 13:07:54+00:00,General,19.68
2023-05-14 13:44:26+00:00,General,4.91
2023-05-14 13:47:25+00:00,General,19.1
2023-05-14 13:52:53+00:00,General,18.63
2023-05-14 21:57:50+00:00,General,50.0
2023-05-15 15:16:07+00:00,General,9.07
2023-05-15 15:18:21+00:00,General,35.0
2023-05-15 15:47:33+00:00,General,48.06
2023-05-15 17:00:58+00:00,General,196.91
2023-05-16 11:10:54+00:00,General,9.38
2023-05-16 11:42:18+00:00,General,20.75
2023-05-16 21:49:20+00:00,1000 Drones for Ukraine,200.0
2023-05-17 04:41:58+00:00,General,295.36
2023-05-18 04:24:59+00:00,1000 Drones for Ukraine,150.0
2023-05-18 08:56:11+00:00,1000 Drones for Ukraine,100.0
2023-05-19 01:45:41+00:00,General,48.06
2023-05-19 04:31:14+00:00,General,9.07
2023-05-19 05:18:37+00:00,General,24.61
2023-05-19 08:17:00+00:00,General,18.63
2023-05-19 08:58:21+00:00,General,19.68
2023-05-19 08:59:16+00:00,General,4.91
2023-05-19 09:00:08+00:00,General,2.38
2023-05-19 09:07:51+00:00,General,47.31
2023-05-19 09:28:30+00:00,1000 Drones for Ukraine,9.84
2023-05-19 09:28:40+00:00,General,14.76
2023-05-19 09:35:54+00:00,General,98.45
2023-05-19 10:00:15+00:00,General,98.45
2023-05-19 10:23:19+00:00,General,98.45
2023-05-19 10:38:09+00:00,General,50.0
2023-05-19 11:04:04+00:00,General,9.07
2023-05-19 11:47:54+00:00,General,9.07
2023-05-19 11:49:33+00:00,General,96.62
2023-05-19 12:17:58+00:00,General,18.63
2023-05-19 12:22:36+00:00,General,50.0
2023-05-19 13:31:18+00:00,General,100.0
2023-05-19 13:41:56+00:00,General,29.53
2023-05-19 13:50:50+00:00,General,30.0
2023-05-19 14:31:25+00:00,General,18.63
2023-05-19 15:00:33+00:00,General,98.45
2023-05-19 20:54:23+00:00,General,47.31
2023-05-19 22:40:43+00:00,1000 Drones for Ukraine,23.79
2023-05-19 22:53:08+00:00,1000 Drones for Ukraine,28.64
2023-05-20 00:54:26+00:00,General,50.0
2023-05-20 02:44:35+00:00,,2300.0
2023-05-20 04:31:42+00:00,General,50.0
2023-05-20 12:42:10+00:00,General,96.62
2023-05-20 14:06:05+00:00,General,300.0
2023-05-20 16:32:48+00:00,1000 Drones for Ukraine,9.22
2023-05-20 17:35:04+00:00,1000 Drones for Ukraine,100.0
2023-05-20 18:23:52+00:00,1000 Drones for Ukraine,30.0
2023-05-20 18:25:05+00:00,Veteranius,20.0
2023-05-20 18:44:26+00:00,General,117.54
2023-05-20 19:27:56+00:00,1000 Drones for Ukraine,25.0
2023-05-20 20:05:51+00:00,,97.01
2023-05-20 23:12:48+00:00,General,40.0
2023-05-21 12:03:48+00:00,General,24.61
2023-05-21 15:44:44+00:00,1000 Drones for Ukraine,9.22
2023-05-21 16:29:05+00:00,1000 Drones for Ukraine,48.06
2023-05-21 16:54:59+00:00,General,9.22
2023-05-21 17:09:20+00:00,,97.01
2023-05-21 17:29:36+00:00,,48.5
2023-05-21 18:02:47+00:00,Veteranius,9.22
2023-05-21 18:03:19+00:00,,97.01
2023-05-21 18:08:58+00:00,1000 Drones for Ukraine,18.93
2023-05-21 18:31:14+00:00,1000 Drones for Ukraine,28.64
2023-05-21 19:21:22+00:00,,19.4
2023-05-21 20:14:58+00:00,,38.8
2023-05-21 20:59:31+00:00,General,50.0
2023-05-21 21:08:01+00:00,General,10.0
2023-05-21 21:26:56+00:00,1000 Drones for Ukraine,96.62
2023-05-21 21:43:48+00:00,General,10.0
2023-05-21 22:10:03+00:00,1000 Drones for Ukraine,20.0
2023-05-21 22:54:22+00:00,1000 Drones for Ukraine,9.22
2023-05-22 15:08:29+00:00,General,96.62
2023-05-22 15:52:37+00:00,General,9.84
2023-05-23 18:13:50+00:00,,1700.0
2023-05-24 21:46:29+00:00,General,9.84
2023-05-24 22:31:53+00:00,General,19.17
2023-05-24 22:57:38+00:00,General,23.79
2023-05-25 01:20:35+00:00,General,100.0
2023-05-25 07:39:52+00:00,General,95.12
2023-05-25 14:27:42+00:00,General,246.13
2023-05-25 17:17:34+00:00,General,200.0
2023-05-26 09:45:55+00:00,General,44.290000000000006
2023-05-27 06:39:11+00:00,General,95.12
2023-05-27 10:19:27+00:00,General,29.53
2023-05-27 15:34:29+00:00,General,96.62
2023-05-27 17:11:06+00:00,Victory Drones,100.0
2023-05-27 18:01:25+00:00,General,24.61
2023-05-28 18:15:32+00:00,General,9.84
2023-05-29 09:54:30+00:00,General,18.63
2023-05-29 12:38:33+00:00,,0.97
2023-05-30 00:49:22+00:00,General,100.0
2023-05-30 01:46:35+00:00,1000 Drones for Ukraine,100.0
2023-06-02 13:06:03+00:00,General,71.22
2023-06-02 15:37:29+00:00,General,96.62
2023-06-03 18:27:46+00:00,General,29.53
2023-06-04 05:34:23+00:00,General,50.0
2023-06-04 19:13:29+00:00,General,98.45
2023-06-05 07:05:56+00:00,General,190.73
2023-06-05 17:06:01+00:00,1000 Drones for Ukraine,250.0
2023-06-05 20:32:31+00:00,General,47.31
2023-06-06 01:47:05+00:00,,2000.0
2023-06-06 10:51:33+00:00,General,4.29
2023-06-06 18:19:41+00:00,General,9.22
2023-06-06 20:29:27+00:00,General,47.31
2023-06-07 04:01:24+00:00,General,96.62
2023-06-07 10:25:25+00:00,General,19.68
2023-06-07 15:50:44+00:00,General,48.06
2023-06-07 20:26:51+00:00,General,68.35
2023-06-07 20:57:17+00:00,General,286.34
2023-06-08 13:55:50+00:00,General,19.68
2023-06-08 15:01:46+00:00,General,23.79
2023-06-08 15:05:19+00:00,General,98.45
2023-06-08 18:27:03+00:00,General,96.62
2023-06-08 20:36:17+00:00,Victory Drones,49.22
2023-06-09 03:37:00+00:00,,1000.0
2023-06-09 13:20:51+00:00,Victory Drones,98.45
2023-06-09 13:29:14+00:00,General,19.68
2023-06-09 16:17:46+00:00,General,50.0
2023-06-10 04:53:30+00:00,General,14.76
2023-06-10 06:21:48+00:00,General,9.84
2023-06-10 07:04:02+00:00,General,18.63
2023-06-10 07:26:19+00:00,General,49.22
2023-06-10 08:27:47+00:00,General,9.07
2023-06-10 08:41:38+00:00,General,95.12
2023-06-10 09:21:38+00:00,General,18.76
2023-06-10 10:28:04+00:00,General,98.45
2023-06-10 10:52:27+00:00,General,95.12
2023-06-10 12:11:02+00:00,General,49.22
2023-06-10 13:37:12+00:00,General,29.53
2023-06-10 15:33:08+00:00,General,23.41
2023-06-10 17:08:48+00:00,General,193.73
2023-06-10 17:58:40+00:00,General,13.85
2023-06-10 17:59:37+00:00,Victory Drones,95.12
2023-06-10 20:05:36+00:00,General,95.12
2023-06-10 20:08:09+00:00,General,10.0
2023-06-10 20:57:28+00:00,General,190.73
2023-06-10 21:25:34+00:00,General,50.0
2023-06-10 21:28:34+00:00,General,50.0
2023-06-10 22:00:12+00:00,General,96.62
2023-06-10 23:26:43+00:00,General,95.12
2023-06-10 23:38:31+00:00,General,9.84
2023-06-11 00:03:47+00:00,General,18.93
2023-06-11 06:58:56+00:00,General,24.61
2023-06-11 07:11:14+00:00,General,13.85
2023-06-11 08:11:22+00:00,General,47.31
2023-06-11 10:50:15+00:00,General,24.61
2023-06-11 10:58:42+00:00,General,18.63
2023-06-11 13:02:54+00:00,General,246.13
2023-06-11 13:57:53+00:00,General,95.12
2023-06-11 14:06:45+00:00,General,9.07
2023-06-11 14:58:06+00:00,General,47.31
2023-06-11 17:17:51+00:00,General,193.73
2023-06-11 18:02:07+00:00,Mobile Shower Laundry Units,100.0
2023-06-11 18:19:46+00:00,General,23.41
2023-06-11 21:08:45+00:00,General,48.06
2023-06-11 22:59:59+00:00,General,50.0
2023-06-11 23:17:32+00:00,General,4.91
2023-06-12 01:19:56+00:00,General,49.22
2023-06-12 01:23:33+00:00,General,190.73
2023-06-12 01:27:25+00:00,1000 Drones for Ukraine,50.0
2023-06-12 08:35:25+00:00,General,104.68
2023-06-12 14:19:41+00:00,1000 Drones for Ukraine,485.06
2023-06-12 21:28:34+00:00,General,98.45
2023-06-12 23:47:55+00:00,1000 Drones for Ukraine,30.0
2023-06-13 06:06:04+00:00,General,1.96
2023-06-13 11:53:27+00:00,General,50.0
2023-06-13 13:36:18+00:00,General,29.53
2023-06-13 18:58:12+00:00,General,48.06
2023-06-13 19:23:38+00:00,General,96.62
2023-06-13 19:32:22+00:00,1000 Drones for Ukraine,100.0
2023-06-13 19:36:52+00:00,General,25.0
2023-06-13 20:33:01+00:00,General,477.56
2023-06-13 21:22:02+00:00,General,18.63
2023-06-13 22:00:04+00:00,General,9.84
2023-06-14 00:35:30+00:00,General,49.22
2023-06-14 12:41:49+00:00,General,95.12
2023-06-14 13:36:25+00:00,1000 Drones for Ukraine,40.0
2023-06-14 14:57:21+00:00,General,100.0
2023-06-14 15:58:30+00:00,1000 Drones for Ukraine,23.79
2023-06-14 17:36:49+00:00,General,4.29
2023-06-14 20:35:19+00:00,General,190.73
2023-06-14 20:46:20+00:00,General,49.22
2023-06-14 21:51:02+00:00,,5000.0
2023-06-15 02:25:49+00:00,General,40.0
2023-06-15 13:00:21+00:00,General,190.73
2023-06-15 18:24:06+00:00,General,47.31
2023-06-15 20:57:29+00:00,1000 Drones for Ukraine,50.0
2023-06-15 21:27:31+00:00,Victory Drones,98.45
2023-06-15 23:09:21+00:00,1000 Drones for Ukraine,19.68
2023-06-16 03:08:03+00:00,General,14.76
2023-06-16 05:57:45+00:00,General,286.34
2023-06-16 07:11:32+00:00,General,492.26
2023-06-16 11:00:24+00:00,General,20.75
2023-06-16 16:12:54+00:00,1000 Drones for Ukraine,20.0
2023-06-16 19:50:38+00:00,General,196.91
2023-06-16 20:10:54+00:00,1000 Drones for Ukraine,49.22
2023-06-16 21:22:21+00:00,General,295.36
2023-06-17 01:42:30+00:00,General,98.45
2023-06-17 04:58:02+00:00,General,49.22
2023-06-17 09:29:01+00:00,General,19.68
2023-06-17 17:25:18+00:00,1000 Drones for Ukraine,25.0
2023-06-17 19:21:04+00:00,1000 Drones for Ukraine,50.0
2023-06-17 19:28:21+00:00,1000 Drones for Ukraine,20.54
2023-06-17 20:38:24+00:00,General,9.84
2023-06-18 03:37:32+00:00,General,85.0
2023-06-18 13:11:07+00:00,1000 Drones for Ukraine,14.76
2023-06-18 20:34:43+00:00,1000 Drones for Ukraine,48.06
2023-06-18 20:41:39+00:00,1000 Drones for Ukraine,9.22
2023-06-18 21:56:33+00:00,1000 Drones for Ukraine,5.0
2023-06-19 12:23:49+00:00,,47.75
2023-06-19 21:41:38+00:00,General,49.22
2023-06-20 00:56:31+00:00,General,96.62
2023-06-20 10:44:58+00:00,General,9.07
2023-06-21 10:34:09+00:00,General,50.0
2023-06-21 11:04:30+00:00,General,24.61
2023-06-21 19:10:23+00:00,1000 Drones for Ukraine,25.0
2023-06-21 19:29:11+00:00,General,50.0
2023-06-21 20:23:14+00:00,General,95.12
2023-06-23 18:07:29+00:00,General,196.91
2023-06-24 13:44:12+00:00,General,102.45
2023-06-24 16:19:40+00:00,General,96.62
2023-06-24 17:41:06+00:00,General,47.31
2023-06-25 00:09:06+00:00,,3000.0
2023-06-25 13:13:27+00:00,General,47.31
2023-06-25 14:25:54+00:00,General,42.53
2023-06-25 15:19:35+00:00,General,295.36
2023-06-25 15:44:01+00:00,General,994.58
2023-06-25 17:34:30+00:00,General,500.0
2023-06-25 17:56:55+00:00,General,30.0
2023-06-25 18:22:18+00:00,General,14.76
2023-06-25 18:53:24+00:00,General,47.31
2023-06-25 20:20:17+00:00,General,28.19
2023-06-26 02:26:10+00:00,General,96.62
2023-06-26 04:15:12+00:00,General,50.0
2023-06-26 05:34:16+00:00,General,9.07
2023-06-26 12:09:33+00:00,General,20.0
2023-06-26 12:38:36+00:00,General,98.45
2023-06-26 13:45:29+00:00,General,95.12
2023-06-26 16:36:22+00:00,,106.5
2023-06-26 16:52:57+00:00,General,9.07
2023-06-26 17:45:06+00:00,General,14.76
2023-06-26 18:15:10+00:00,General,300.0
2023-06-26 19:42:58+00:00,General,95.12
2023-06-26 19:49:33+00:00,General,190.73
2023-06-27 10:19:14+00:00,Victory Drones,100.0
2023-06-27 11:41:32+00:00,1000 Drones for Ukraine,50.0
2023-06-27 16:15:54+00:00,General,50.0
2023-06-27 16:46:17+00:00,General,10.0
2023-06-27 17:28:01+00:00,General,4.29
2023-06-27 23:07:36+00:00,General,19.68
2023-06-27 23:44:39+00:00,General,9.84
2023-06-28 01:35:56+00:00,,3000.0
2023-06-28 10:06:54+00:00,General,9.84
2023-06-28 10:23:38+00:00,General,24.61
2023-06-28 12:59:57+00:00,General,295.36
2023-06-28 13:39:05+00:00,General,47.31
2023-06-28 13:45:25+00:00,General,50.0
2023-06-28 13:54:54+00:00,General,95.12
2023-06-28 14:29:48+00:00,General,49.22
2023-06-28 16:59:22+00:00,General,60.0
2023-06-28 16:59:40+00:00,General,1000.0
2023-06-28 19:54:14+00:00,General,100.0
2023-06-29 03:48:38+00:00,General,9.22
2023-06-29 09:31:53+00:00,,63.18
2023-06-29 15:42:28+00:00,General,309.29
2023-06-29 17:54:44+00:00,General,200.0
2023-06-30 10:04:21+00:00,General,50.0
2023-06-30 20:17:46+00:00,General,4.29
2023-06-30 20:33:22+00:00,1000 Drones for Ukraine,250.0
2023-06-30 20:40:11+00:00,General,196.91
2023-06-30 22:26:38+00:00,General,59.07
2023-07-01 02:06:58+00:00,General,485.06
2023-07-01 10:06:53+00:00,General,50.0
2023-07-01 10:38:44+00:00,General,9.84
2023-07-01 17:26:14+00:00,General,50.0
2023-07-01 17:26:40+00:00,1000 Drones for Ukraine,96.62
2023-07-01 18:46:36+00:00,General,47.31
2023-07-01 20:21:09+00:00,Victory Drones,147.68
2023-07-01 20:58:46+00:00,1000 Drones for Ukraine,24.61
2023-07-02 05:00:54+00:00,,140.38
2023-07-02 14:19:17+00:00,General,18.63
2023-07-02 16:35:04+00:00,,1486.0400000000002
2023-07-02 18:47:56+00:00,General,66.44
2023-07-02 21:34:31+00:00,General,18.93
2023-07-03 10:12:46+00:00,General,29.53
2023-07-03 21:12:31+00:00,General,246.13
2023-07-03 22:43:35+00:00,General,147.68
2023-07-04 01:19:15+00:00,General,98.45
2023-07-04 04:45:36+00:00,Victory Drones,193.73
2023-07-04 18:54:31+00:00,General,49.22
2023-07-04 20:49:54+00:00,General,98.45
2023-07-04 21:06:15+00:00,General,49.22
2023-07-04 21:57:01+00:00,General,20.54
2023-07-04 23:33:22+00:00,General,300.0
2023-07-05 02:15:06+00:00,,7000.0
2023-07-05 07:22:44+00:00,1000 Drones for Ukraine,49.22
2023-07-06 10:47:20+00:00,General,4.29
2023-07-06 18:02:30+00:00,General,500.0
2023-07-07 05:29:39+00:00,General,49.22
2023-07-07 07:18:10+00:00,1000 Drones for Ukraine,49.22
2023-07-07 18:31:08+00:00,General,18.93
2023-07-07 21:50:39+00:00,General,20.0
2023-07-08 04:21:55+00:00,1000 Drones for Ukraine,196.91
2023-07-08 05:32:19+00:00,General,106.33
2023-07-08 21:42:34+00:00,1000 Drones for Ukraine,100.0
2023-07-09 04:38:47+00:00,General,13.85
2023-07-09 09:18:22+00:00,General,47.31
2023-07-09 10:11:45+00:00,General,50.0
2023-07-09 10:44:48+00:00,General,196.91
2023-07-09 12:36:09+00:00,1000 Drones for Ukraine,100.0
2023-07-09 14:34:31+00:00,1000 Drones for Ukraine,98.45
2023-07-09 17:46:02+00:00,General,9.22
2023-07-09 19:13:38+00:00,General,48.06
2023-07-10 11:19:17+00:00,General,190.73
2023-07-10 11:25:48+00:00,General,29.53
2023-07-11 00:51:05+00:00,General,19.68
2023-07-11 08:04:10+00:00,General,23.41
2023-07-11 10:07:46+00:00,General,47.31
2023-07-11 10:19:45+00:00,General,23.41
2023-07-11 10:40:05+00:00,General,18.63
2023-07-11 11:10:47+00:00,General,4.91
2023-07-11 12:55:40+00:00,General,284.71000000000004
2023-07-11 14:01:04+00:00,Mobile Shower Laundry Units,96.62
2023-07-11 20:23:05+00:00,General,0.47
2023-07-11 20:52:08+00:00,General,98.45
2023-07-12 07:06:56+00:00,General,100.0
2023-07-12 10:01:24+00:00,General,68.35
2023-07-12 15:00:06+00:00,1000 Drones for Ukraine,96.62
2023-07-12 16:20:04+00:00,General,14.76
2023-07-12 23:30:53+00:00,General,19.68
2023-07-13 10:51:03+00:00,General,25.0
2023-07-13 11:51:24+00:00,General,50.0
2023-07-13 13:41:42+00:00,General,98.45
2023-07-13 13:50:42+00:00,General,40.0
2023-07-13 14:19:17+00:00,General,96.62
2023-07-13 14:30:58+00:00,General,96.62
2023-07-13 15:08:23+00:00,1000 Drones for Ukraine,19.68
2023-07-13 17:04:21+00:00,General,190.73
2023-07-13 17:09:29+00:00,General,47.31
2023-07-13 17:55:18+00:00,General,36.0
2023-07-13 20:54:49+00:00,General,200.0
2023-07-13 21:01:44+00:00,General,13.85
2023-07-13 21:12:55+00:00,General,4.29
2023-07-13 21:23:30+00:00,General,50.0
2023-07-13 22:04:26+00:00,General,9.84
2023-07-13 23:25:24+00:00,General,300.0
2023-07-14 01:38:12+00:00,General,96.62
2023-07-14 02:35:48+00:00,General,96.62
2023-07-14 03:31:38+00:00,General,30.0
2023-07-14 03:53:36+00:00,General,98.45
2023-07-14 06:27:19+00:00,General,30.0
2023-07-14 09:33:47+00:00,General,49.22
2023-07-14 14:31:52+00:00,General,100.0
2023-07-14 14:35:41+00:00,General,290.84
2023-07-14 17:56:21+00:00,General,193.73
2023-07-14 22:52:09+00:00,General,820.0
2023-07-15 00:25:00+00:00,General,49.22
2023-07-15 01:24:43+00:00,General,50.0
2023-07-15 13:56:29+00:00,General,50.0
2023-07-15 16:44:17+00:00,General,48.06
2023-07-15 17:53:48+00:00,General,4.37
2023-07-15 20:45:31+00:00,,33.95
2023-07-15 20:57:06+00:00,General,38.35
2023-07-15 22:24:46+00:00,General,96.62
2023-07-16 10:16:27+00:00,General,20.75
2023-07-16 13:10:34+00:00,General,98.45
2023-07-16 17:23:34+00:00,1000 Drones for Ukraine,29.53
2023-07-16 17:54:53+00:00,General,95.12
2023-07-16 23:32:36+00:00,General,290.84
2023-07-16 23:36:16+00:00,General,18.93
2023-07-17 03:44:26+00:00,,6000.0
2023-07-17 06:41:21+00:00,General,98.45
2023-07-17 11:08:12+00:00,Victory Drones,2.94
2023-07-17 16:58:59+00:00,General,573.17
2023-07-18 00:29:35+00:00,1000 Drones for Ukraine,290.84
2023-07-18 01:21:03+00:00,General,196.91
2023-07-18 01:55:37+00:00,,2000.0
2023-07-18 20:51:05+00:00,General,9.84
2023-07-19 08:37:04+00:00,General,18.63
2023-07-19 08:49:58+00:00,General,23.41
2023-07-19 08:52:14+00:00,1000 Drones for Ukraine,19.68
2023-07-19 11:32:56+00:00,General,47.25
2023-07-19 13:26:04+00:00,General,29.53
2023-07-19 19:10:51+00:00,General,13.85
2023-07-19 19:56:21+00:00,General,98.45
2023-07-19 20:01:48+00:00,General,295.36
2023-07-19 20:05:48+00:00,General,50.0
2023-07-19 20:13:24+00:00,General,96.62
2023-07-19 21:52:08+00:00,General,9.84
2023-07-19 22:13:53+00:00,General,49.22
2023-07-19 23:12:01+00:00,General,32.97
2023-07-19 23:33:06+00:00,General,98.45
2023-07-20 00:07:28+00:00,General,500.0
2023-07-20 01:25:17+00:00,General,100.0
2023-07-20 03:00:10+00:00,General,100.0
2023-07-20 03:42:13+00:00,General,9.22
2023-07-20 11:01:44+00:00,General,9.07
2023-07-20 15:00:25+00:00,General,47.31
2023-07-20 15:09:23+00:00,General,200.0
2023-07-20 16:07:01+00:00,General,98.45
2023-07-20 18:03:11+00:00,General,9.07
2023-07-20 19:03:32+00:00,General,49.22
2023-07-20 20:19:54+00:00,General,19.68
2023-07-21 00:09:44+00:00,General,19.68
2023-07-21 06:35:50+00:00,General,9.84
2023-07-21 10:40:41+00:00,General,24.61
2023-07-21 11:26:07+00:00,General,50.0
2023-07-21 13:43:58+00:00,1000 Drones for Ukraine,193.73
2023-07-21 14:43:43+00:00,General,95.12
2023-07-21 16:41:30+00:00,General,95.12
2023-07-21 18:12:52+00:00,1000 Drones for Ukraine,492.26
2023-07-21 19:20:52+00:00,General,300.0
2023-07-21 20:10:13+00:00,General,19.68
2023-07-21 22:19:07+00:00,General,49.22
2023-07-22 05:27:37+00:00,General,95.12
2023-07-22 05:29:16+00:00,1000 Drones for Ukraine,47.31
2023-07-22 07:05:48+00:00,General,39.37
2023-07-22 09:38:35+00:00,General,246.13
2023-07-22 10:21:05+00:00,General,47.31
2023-07-22 10:27:30+00:00,General,19.68
2023-07-22 11:17:26+00:00,General,9.84
2023-07-22 12:27:55+00:00,1000 Drones for Ukraine,9.07
2023-07-22 14:55:49+00:00,General,500.0
2023-07-22 17:48:33+00:00,General,147.68
2023-07-22 18:12:01+00:00,General,9.84
2023-07-22 18:41:21+00:00,General,49.22
2023-07-23 10:12:09+00:00,General,96.62
2023-07-23 12:05:58+00:00,General,29.53
2023-07-23 12:41:30+00:00,General,49.22
2023-07-23 14:41:28+00:00,General,95.12
2023-07-23 15:13:07+00:00,General,20.67
2023-07-23 16:26:33+00:00,General,10.82
2023-07-23 16:45:53+00:00,General,48.06
2023-07-23 19:49:44+00:00,General,50.0
2023-07-23 20:34:59+00:00,,5000.0
2023-07-23 21:34:08+00:00,Victory Drones,2.94
2023-07-23 21:39:48+00:00,General,49.22
2023-07-24 00:03:15+00:00,General,9.22
2023-07-24 00:45:25+00:00,General,48.06
2023-07-24 06:37:58+00:00,1000 Drones for Ukraine,98.45
2023-07-24 09:33:06+00:00,General,98.45
2023-07-24 10:27:34+00:00,General,47.31
2023-07-24 11:16:31+00:00,General,47.31
2023-07-24 13:44:24+00:00,General,14.76
2023-07-24 14:26:33+00:00,General,96.62
2023-07-24 19:10:51+00:00,1000 Drones for Ukraine,200.0
2023-07-24 19:13:44+00:00,General,19.68
2023-07-24 19:28:01+00:00,General,49.22
2023-07-24 20:13:51+00:00,General,276.61
2023-07-24 20:28:05+00:00,General,9.84
2023-07-24 21:08:21+00:00,1000 Drones for Ukraine,29.53
2023-07-25 00:00:42+00:00,General,13.85
2023-07-25 02:31:31+00:00,1000 Drones for Ukraine,100.0
2023-07-25 04:45:45+00:00,General,9.84
2023-07-25 05:44:53+00:00,General,50.0
2023-07-25 12:28:27+00:00,General,295.36
2023-07-25 12:32:10+00:00,,102.61
2023-07-25 13:20:49+00:00,General,48.06
2023-07-25 13:33:50+00:00,General,30.0
2023-07-25 15:24:18+00:00,General,20.0
2023-07-25 17:49:35+00:00,General,4.91
2023-07-25 19:41:47+00:00,General,9.07
2023-07-25 20:33:03+00:00,General,100.0
2023-07-26 06:06:10+00:00,General,9.84
2023-07-26 13:21:21+00:00,General,50.0
2023-07-26 16:37:38+00:00,General,47.31
2023-07-26 16:44:25+00:00,General,3000.0
2023-07-26 18:04:52+00:00,General,9.84
2023-07-26 18:35:09+00:00,General,47.31
2023-07-26 19:46:32+00:00,General,98.45
2023-07-27 01:43:07+00:00,General,96.62
2023-07-27 03:36:52+00:00,General,100.0
2023-07-27 10:56:43+00:00,Victory Drones,100.0
2023-07-27 14:50:50+00:00,General,47.31
2023-07-27 15:20:53+00:00,General,23.41
2023-07-27 15:24:22+00:00,General,29.53
2023-07-27 15:27:45+00:00,,230.74
2023-07-27 15:53:45+00:00,General,24.61
2023-07-27 17:18:07+00:00,General,96.62
2023-07-27 20:36:39+00:00,General,95.12
2023-07-27 21:24:49+00:00,General,196.91
2023-07-27 22:05:24+00:00,General,50.0
2023-07-27 22:22:41+00:00,General,5.0
2023-07-28 00:30:32+00:00,General,48.06
2023-07-28 01:13:26+00:00,General,193.73
2023-07-28 01:24:22+00:00,General,30.0
2023-07-28 01:36:45+00:00,General,200.0
2023-07-28 02:14:00+00:00,General,100.0
2023-07-28 02:59:59+00:00,1000 Drones for Ukraine,100.0
2023-07-28 03:02:49+00:00,1000 Drones for Ukraine,100.0
2023-07-28 03:20:48+00:00,General,95.12
2023-07-28 04:23:05+00:00,General,295.36
2023-07-28 06:06:22+00:00,General,49.22
2023-07-28 10:21:16+00:00,General,4.91
2023-07-28 10:23:22+00:00,General,9.84
2023-07-28 10:31:17+00:00,General,50.0
2023-07-28 10:46:43+00:00,General,24.61
2023-07-28 13:14:35+00:00,General,98.45
2023-07-28 14:32:52+00:00,General,49.22
2023-07-28 15:21:54+00:00,General,30.0
2023-07-28 16:00:26+00:00,General,50.0
2023-07-28 16:08:30+00:00,General,98.45
2023-07-28 17:17:56+00:00,General,29.53
2023-07-28 17:44:41+00:00,General,10.0
2023-07-28 20:56:22+00:00,Victory Drones,9.84
2023-07-28 21:55:35+00:00,General,98.45
2023-07-28 22:01:27+00:00,General,100.0
2023-07-29 06:48:34+00:00,General,286.34
2023-07-29 11:02:54+00:00,General,142.92
2023-07-29 13:50:48+00:00,General,98.45
2023-07-29 14:22:31+00:00,General,9.84
2023-07-29 20:12:48+00:00,Victory Drones,56.88
2023-07-29 21:19:53+00:00,General,96.62
2023-07-30 04:42:15+00:00,General,290.84
2023-07-30 07:58:46+00:00,Victory Drones,9.84
2023-07-30 08:30:02+00:00,Victory Drones,59.07
2023-07-30 12:32:28+00:00,Mobile Shower Laundry Units,28.19
2023-07-30 17:53:35+00:00,Mobile Shower Laundry Units,295.36
2023-07-30 19:06:54+00:00,General,49.22
2023-07-30 20:04:21+00:00,General,96.62
2023-07-30 22:43:02+00:00,General,196.91
2023-07-31 03:05:40+00:00,,9600.0
2023-07-31 06:24:52+00:00,General,48.06
2023-07-31 11:27:01+00:00,General,196.91
2023-07-31 17:13:39+00:00,General,5.9
2023-08-01 09:48:08+00:00,General,98.45
2023-08-01 12:34:00+00:00,1000 Drones for Ukraine,24.61
2023-08-01 13:23:06+00:00,General,42.53
2023-08-01 13:45:18+00:00,General,98.45
2023-08-01 14:31:35+00:00,General,9.07
2023-08-01 19:22:06+00:00,General,970.61
2023-08-01 19:49:14+00:00,General,984.54
2023-08-01 19:55:48+00:00,General,25.0
2023-08-01 20:43:56+00:00,Victory Drones,9.84
2023-08-01 23:39:46+00:00,General,209.85
2023-08-02 03:20:04+00:00,General,10.0
2023-08-02 04:54:22+00:00,General,2.38
2023-08-02 11:51:18+00:00,,4.78
2023-08-02 12:27:48+00:00,General,147.68
2023-08-02 15:28:24+00:00,1000 Drones for Ukraine,100.0
2023-08-03 01:22:27+00:00,General,14.76
2023-08-03 01:50:39+00:00,General,70.0
2023-08-03 02:13:53+00:00,General,25.0
2023-08-03 08:46:38+00:00,General,477.56
2023-08-03 10:53:16+00:00,General,29.53
2023-08-03 13:19:18+00:00,General,18.63
2023-08-03 17:50:08+00:00,General,397.66
2023-08-03 18:04:39+00:00,General,39.37
2023-08-04 04:21:08+00:00,1000 Drones for Ukraine,50.0
2023-08-04 06:52:04+00:00,1000 Drones for Ukraine,18.63
2023-08-04 08:28:55+00:00,General,95.12
2023-08-04 09:25:47+00:00,General,18.63
2023-08-04 10:18:27+00:00,Flight to Recovery,98.45
2023-08-04 11:18:55+00:00,Victory Drones,98.45
2023-08-04 11:45:05+00:00,General,19.68
2023-08-04 14:03:45+00:00,General,984.54
2023-08-04 20:24:14+00:00,General,18.63
2023-08-04 21:29:38+00:00,1000 Drones for Ukraine,48.06
2023-08-04 21:30:37+00:00,Mobile Shower Laundry Units,50.0
2023-08-04 21:31:47+00:00,Flight to Recovery,50.0
2023-08-04 21:32:23+00:00,Victory Drones,100.0
2023-08-04 21:33:21+00:00,Veteranius,51.0
2023-08-05 01:23:00+00:00,General,100.0
2023-08-05 05:22:13+00:00,General,49.22
2023-08-05 06:13:03+00:00,General,50.0
2023-08-05 08:31:24+00:00,General,18.63
2023-08-05 12:18:42+00:00,General,34.459999999999994
2023-08-05 20:36:36+00:00,General,29.53
2023-08-06 09:59:07+00:00,1000 Drones for Ukraine,98.45
2023-08-06 10:49:38+00:00,General,4.29
2023-08-06 12:18:31+00:00,General,96.62
2023-08-06 18:23:28+00:00,General,29.53
2023-08-07 03:49:59+00:00,1000 Drones for Ukraine,196.91
2023-08-07 04:09:14+00:00,,6400.0
2023-08-07 09:27:05+00:00,General,98.45
2023-08-07 09:44:29+00:00,General,492.26
2023-08-07 10:19:45+00:00,General,68.35
2023-08-07 10:52:58+00:00,General,18.63
2023-08-07 12:59:59+00:00,General,9.84
2023-08-07 15:54:31+00:00,General,10.0
2023-08-07 20:09:01+00:00,General,18.63
2023-08-07 20:31:02+00:00,General,573.17
2023-08-07 21:43:28+00:00,General,25.0
2023-08-07 22:11:58+00:00,General,10.0
2023-08-07 23:40:54+00:00,Mobile Shower Laundry Units,50.0
2023-08-08 02:54:58+00:00,General,96.62
2023-08-08 06:58:54+00:00,General,98.45
2023-08-08 09:40:33+00:00,General,984.54
2023-08-08 10:15:19+00:00,General,47.31
2023-08-08 15:03:44+00:00,General,10.03
2023-08-09 00:57:45+00:00,General,100.0
2023-08-09 05:06:18+00:00,General,9.84
2023-08-09 10:43:41+00:00,General,50.0
2023-08-09 18:21:20+00:00,General,47.31
2023-08-09 20:22:56+00:00,Victory Drones,196.91
2023-08-10 00:12:28+00:00,,3000.0
2023-08-10 01:26:21+00:00,General,100.0
2023-08-10 05:41:08+00:00,General,9.84
2023-08-10 06:38:06+00:00,General,47.31
2023-08-10 10:44:38+00:00,General,29.53
2023-08-10 13:51:38+00:00,General,48.06
2023-08-10 15:27:03+00:00,General,47.31
2023-08-10 17:09:16+00:00,General,72.0
2023-08-10 20:05:20+00:00,General,69.43
2023-08-10 21:07:03+00:00,General,71.22
2023-08-11 00:15:27+00:00,Mobile Shower Laundry Units,96.62
2023-08-11 00:20:52+00:00,General,71.95
2023-08-11 00:34:22+00:00,General,50.0
2023-08-11 01:05:12+00:00,General,1.45
2023-08-11 04:14:42+00:00,General,9.07
2023-08-11 04:34:09+00:00,General,13.85
2023-08-11 10:05:28+00:00,General,23.41
2023-08-11 10:18:28+00:00,General,4.91
2023-08-11 11:16:11+00:00,General,47.31
2023-08-11 11:30:01+00:00,General,18.63
2023-08-11 12:12:46+00:00,General,49.22
2023-08-11 12:32:17+00:00,General,9.07
2023-08-11 15:04:40+00:00,General,48.06
2023-08-11 16:02:50+00:00,General,100.0
2023-08-11 19:19:22+00:00,General,14.76
2023-08-12 03:50:53+00:00,Victory Drones,290.84
2023-08-12 07:00:17+00:00,General,47.31
2023-08-12 07:39:05+00:00,Victory Drones,47.31
2023-08-12 14:46:39+00:00,1000 Drones for Ukraine,98.45
2023-08-12 19:26:42+00:00,General,118.14
2023-08-12 22:13:06+00:00,General,50.0
2023-08-13 01:57:43+00:00,General,100.0
2023-08-13 10:05:10+00:00,General,1.96
2023-08-13 10:09:16+00:00,General,25.0
2023-08-13 11:11:00+00:00,General,47.31
2023-08-13 11:34:28+00:00,General,50.0
2023-08-13 12:52:14+00:00,General,118.14
2023-08-13 16:42:35+00:00,General,23.79
2023-08-13 21:23:52+00:00,Victory Drones,9.07
2023-08-14 13:23:16+00:00,General,14.76
2023-08-14 20:07:09+00:00,General,200.0
2023-08-14 23:20:20+00:00,General,10.0
2023-08-15 12:45:16+00:00,General,668.78
2023-08-15 13:26:38+00:00,Flight to Recovery,29.53
2023-08-15 14:25:38+00:00,General,100.0
2023-08-15 18:38:24+00:00,General,21.85
2023-08-15 19:17:10+00:00,General,50.0
2023-08-15 19:56:56+00:00,Mobile Shower Laundry Units,48.06
2023-08-15 20:50:18+00:00,General,19.68
2023-08-16 00:48:44+00:00,General,45.0
2023-08-16 06:19:54+00:00,1000 Drones for Ukraine,98.45
2023-08-16 09:32:41+00:00,General,19.68
2023-08-16 10:41:52+00:00,General,98.45
2023-08-16 11:44:35+00:00,General,20.75
2023-08-16 16:08:18+00:00,1000 Drones for Ukraine,295.36
2023-08-16 16:52:21+00:00,Flight to Recovery,295.36
2023-08-16 17:53:59+00:00,General,300.0
2023-08-16 17:54:04+00:00,1000 Drones for Ukraine,5.0
2023-08-16 20:41:42+00:00,General,98.45
2023-08-17 08:10:55+00:00,1000 Drones for Ukraine,2.94
2023-08-17 10:58:58+00:00,Victory Drones,2.94
2023-08-17 11:40:12+00:00,1000 Drones for Ukraine,100.0
2023-08-17 19:29:49+00:00,General,98.45
2023-08-17 21:10:09+00:00,General,14.76
2023-08-18 11:16:41+00:00,General,9.84
2023-08-18 21:13:15+00:00,General,290.84
2023-08-19 01:13:58+00:00,General,100.0
2023-08-19 10:16:24+00:00,General,47.25
2023-08-19 10:50:13+00:00,1000 Drones for Ukraine,18.63
2023-08-19 10:56:06+00:00,General,19.68
2023-08-19 10:57:41+00:00,General,9.84
2023-08-19 12:39:49+00:00,General,18.63
2023-08-19 13:15:42+00:00,General,95.12
2023-08-19 14:33:53+00:00,General,20.0
2023-08-19 16:00:18+00:00,General,9.84
2023-08-19 18:45:20+00:00,General,98.45
2023-08-19 19:03:25+00:00,General,29.53
2023-08-19 19:12:12+00:00,General,23.41
2023-08-19 19:19:17+00:00,General,98.45
2023-08-19 20:54:07+00:00,General,19.68
2023-08-19 20:55:18+00:00,1000 Drones for Ukraine,200.0
2023-08-19 20:56:10+00:00,General,19.68
2023-08-19 22:48:03+00:00,General,50.0
2023-08-20 00:26:07+00:00,General,96.62
2023-08-20 00:47:43+00:00,General,150.0
2023-08-20 04:30:27+00:00,,6000.0
2023-08-20 09:08:54+00:00,,95.51
2023-08-20 09:24:48+00:00,General,11.81
2023-08-20 10:27:59+00:00,General,29.53
2023-08-20 11:37:55+00:00,General,9.07
2023-08-20 18:24:26+00:00,General,9.07
2023-08-20 19:26:54+00:00,General,50.0
2023-08-20 20:16:04+00:00,General,43.49
2023-08-21 04:03:01+00:00,Victory Drones,147.68
2023-08-21 10:47:33+00:00,General,24.61
2023-08-21 11:29:02+00:00,General,50.0
2023-08-21 12:09:48+00:00,General,98.45
2023-08-21 12:42:02+00:00,General,56.88
2023-08-21 17:53:59+00:00,1000 Drones for Ukraine,18.63
2023-08-21 20:12:12+00:00,1000 Drones for Ukraine,196.91
2023-08-21 21:55:03+00:00,Victory Drones,50.0
2023-08-21 22:21:33+00:00,1000 Drones for Ukraine,78.76
2023-08-22 00:12:54+00:00,General,96.62
2023-08-22 05:36:49+00:00,1000 Drones for Ukraine,4.91
2023-08-22 10:20:37+00:00,General,19.68
2023-08-22 15:37:19+00:00,1000 Drones for Ukraine,300.0
2023-08-22 16:45:25+00:00,General,179.26
2023-08-22 22:28:29+00:00,General,56.88
2023-08-23 00:19:04+00:00,1000 Drones for Ukraine,500.0
2023-08-23 03:29:10+00:00,General,4.29
2023-08-23 11:23:52+00:00,Victory Drones,2.94
2023-08-23 16:06:32+00:00,General,295.36
2023-08-23 17:44:02+00:00,1000 Drones for Ukraine,39.37
2023-08-23 22:01:20+00:00,General,9.84
2023-08-24 05:30:10+00:00,General,984.54
2023-08-24 15:15:36+00:00,1000 Drones for Ukraine,50.0
2023-08-24 16:47:24+00:00,General,28.19
2023-08-24 18:33:15+00:00,,29.700000000000003
2023-08-24 18:47:11+00:00,General,48.06
2023-08-24 19:18:49+00:00,1000 Drones for Ukraine,95.12
2023-08-24 20:31:27+00:00,General,150.0
2023-08-25 00:06:05+00:00,General,95.12
2023-08-25 01:33:28+00:00,General,14.76
2023-08-25 03:33:22+00:00,1000 Drones for Ukraine,100.0
2023-08-25 04:37:02+00:00,General,100.0
2023-08-25 15:33:41+00:00,General,28.64
2023-08-25 16:08:00+00:00,General,49.22
2023-08-25 16:37:19+00:00,General,485.06
2023-08-25 17:10:18+00:00,General,33.470000000000006
2023-08-25 21:20:41+00:00,General,50.0
2023-08-26 03:52:30+00:00,General,300.0
2023-08-26 04:21:24+00:00,1000 Drones for Ukraine,485.06
2023-08-26 10:22:34+00:00,General,98.45
2023-08-26 10:37:47+00:00,General,47.31
2023-08-27 10:05:36+00:00,Victory Drones,100.0
2023-08-27 18:44:56+00:00,General,120.0
2023-08-27 18:45:31+00:00,General,120.0
2023-08-27 21:49:30+00:00,General,1000.0
2023-08-28 10:42:33+00:00,General,50.0
2023-08-28 11:05:28+00:00,General,9.84
2023-08-28 11:07:56+00:00,General,24.61
2023-08-28 11:16:46+00:00,General,4.91
2023-08-28 16:24:27+00:00,General,147.68
2023-08-28 19:26:40+00:00,General,152.6
2023-08-29 02:31:01+00:00,General,50.01
2023-08-29 10:57:49+00:00,General,98.45
2023-08-29 14:09:37+00:00,General,100.0
2023-08-29 23:17:41+00:00,General,100.0
2023-08-30 09:03:17+00:00,Flight to Recovery,39.37
2023-08-30 13:16:55+00:00,General,190.73
2023-08-30 16:13:01+00:00,1000 Drones for Ukraine,129.95000000000002
2023-08-30 16:28:16+00:00,General,95.12
2023-08-30 17:09:33+00:00,General,50.0
2023-08-30 17:13:03+00:00,General,100.0
2023-08-30 19:59:51+00:00,General,49.22
2023-08-31 15:37:31+00:00,General,193.73
2023-08-31 20:58:04+00:00,General,96.62
2023-08-31 23:54:57+00:00,General,492.26
2023-09-01 00:16:01+00:00,General,50.0
2023-09-01 02:40:15+00:00,General,10.0
2023-09-01 02:44:46+00:00,General,50.0
2023-09-01 05:08:40+00:00,Victory Drones,19.68
2023-09-01 10:39:56+00:00,General,485.06
2023-09-01 11:02:07+00:00,General,49.22
2023-09-01 11:39:54+00:00,1000 Drones for Ukraine,24.61
2023-09-01 13:33:53+00:00,General,33.470000000000006
2023-09-01 19:44:01+00:00,Victory Drones,108.0
2023-09-02 11:26:50+00:00,General,49.22
2023-09-02 11:57:32+00:00,General,19.68
2023-09-02 14:15:34+00:00,General,50.0
2023-09-02 17:44:41+00:00,1000 Drones for Ukraine,9.07
2023-09-02 18:01:49+00:00,General,11.81
2023-09-02 18:04:06+00:00,1000 Drones for Ukraine,10.82
2023-09-02 18:23:36+00:00,General,100.0
2023-09-02 20:33:29+00:00,General,98.45
2023-09-02 23:29:41+00:00,General,96.62
2023-09-03 03:48:06+00:00,General,50.0
2023-09-03 09:23:14+00:00,General,19.68
2023-09-03 11:07:16+00:00,General,29.53
2023-09-03 18:06:15+00:00,General,25.0
2023-09-03 23:45:30+00:00,General,50.0
2023-09-04 01:13:46+00:00,General,9.07
2023-09-04 03:03:29+00:00,General,10.0
2023-09-04 05:52:26+00:00,General,200.0
2023-09-04 10:26:43+00:00,Flight to Recovery,50.0
2023-09-04 11:05:01+00:00,General,28.19
2023-09-04 11:18:04+00:00,Victory Drones,98.45
2023-09-04 11:21:58+00:00,Flight to Recovery,98.45
2023-09-04 14:58:16+00:00,General,96.62
2023-09-04 15:00:38+00:00,General,20.54
2023-09-04 16:16:51+00:00,General,13.85
2023-09-04 16:48:50+00:00,General,50.0
2023-09-04 21:21:36+00:00,1000 Drones for Ukraine,630.72
2023-09-04 23:11:40+00:00,1000 Drones for Ukraine,100.0
2023-09-05 15:16:57+00:00,General,100.0
2023-09-05 18:35:55+00:00,General,49.22
2023-09-06 02:13:04+00:00,General,541.49
2023-09-06 10:36:31+00:00,General,4.29
2023-09-06 14:36:31+00:00,1000 Drones for Ukraine,19.68
2023-09-06 19:24:18+00:00,General,96.62
2023-09-07 03:16:28+00:00,General,1941.71
2023-09-07 10:19:18+00:00,General,25.0
2023-09-07 10:39:44+00:00,General,9.07
2023-09-07 11:22:01+00:00,General,68.35
2023-09-09 12:18:42+00:00,General,193.73
2023-09-09 19:37:41+00:00,General,33.470000000000006
2023-09-10 00:25:56+00:00,General,43.21
2023-09-10 01:12:08+00:00,1000 Drones for Ukraine,48.06
2023-09-10 01:18:09+00:00,1000 Drones for Ukraine,51.0
2023-09-10 01:24:04+00:00,1000 Drones for Ukraine,50.0
2023-09-10 01:28:57+00:00,General,49.22
2023-09-10 01:34:19+00:00,General,18.93
2023-09-10 01:36:15+00:00,General,10.0
2023-09-10 03:53:10+00:00,1000 Drones for Ukraine,96.62
2023-09-10 04:04:55+00:00,General,2912.81
2023-09-10 04:12:13+00:00,1000 Drones for Ukraine,48.06
2023-09-10 04:37:30+00:00,,63.06
2023-09-10 11:14:45+00:00,General,29.53
2023-09-10 22:54:50+00:00,General,10.0
2023-09-11 03:33:46+00:00,General,96.0
2023-09-11 10:38:36+00:00,General,100.0
2023-09-11 10:41:12+00:00,General,47.31
2023-09-11 10:47:38+00:00,General,18.63
2023-09-11 11:10:00+00:00,General,4.91
2023-09-11 11:39:59+00:00,General,23.41
2023-09-11 11:45:29+00:00,General,98.45
2023-09-11 16:23:08+00:00,General,48.06
2023-09-12 08:44:43+00:00,General,344.59000000000003
2023-09-12 10:30:02+00:00,General,50.0
2023-09-12 12:44:19+00:00,General,193.73
2023-09-12 22:02:15+00:00,General,67.49
2023-09-12 22:24:32+00:00,General,98.45
2023-09-13 01:38:41+00:00,,9.31
2023-09-13 01:58:34+00:00,,20000.0
2023-09-13 03:48:08+00:00,1000 Drones for Ukraine,196.93
2023-09-13 05:24:56+00:00,1000 Drones for Ukraine,40.0
2023-09-13 10:08:38+00:00,General,47.76
2023-09-13 11:07:41+00:00,General,25.24
2023-09-13 11:18:27+00:00,General,50.47
2023-09-13 13:39:45+00:00,General,400.0
2023-09-13 16:32:25+00:00,1000 Drones for Ukraine,192.53
2023-09-14 12:28:30+00:00,Veteranius,98.46
2023-09-15 04:14:48+00:00,General,1959.71
2023-09-15 12:27:55+00:00,General,48.51
2023-09-15 12:50:22+00:00,1000 Drones for Ukraine,100.0
2023-09-16 05:49:35+00:00,General,98.46
2023-09-16 10:08:10+00:00,General,99.38
2023-09-16 11:31:16+00:00,General,20.95
2023-09-16 15:37:56+00:00,1000 Drones for Ukraine,100.0
2023-09-16 22:17:56+00:00,General,979.61
2023-09-17 10:52:00+00:00,Victory Drones,2.97
2023-09-17 11:41:05+00:00,General,14.9
2023-09-17 17:40:37+00:00,General,10.0
2023-09-17 19:20:44+00:00,General,19.11
2023-09-17 21:11:02+00:00,1000 Drones for Ukraine,40.0
2023-09-18 18:06:53+00:00,General,25.0
2023-09-18 18:29:14+00:00,1000 Drones for Ukraine,50.0
2023-09-18 19:12:18+00:00,General,98.46
2023-09-19 10:09:26+00:00,1000 Drones for Ukraine,18.81
2023-09-19 10:18:20+00:00,General,9.93
2023-09-19 10:24:00+00:00,General,47.7
2023-09-19 11:00:17+00:00,General,19.87
2023-09-19 15:56:43+00:00,General,20.0
2023-09-19 19:38:19+00:00,General,240.78
2023-09-19 20:47:50+00:00,General,33.29
2023-09-20 10:28:45+00:00,General,9.16
2023-09-20 10:38:33+00:00,General,9.16
2023-09-20 11:33:46+00:00,General,70.08
2023-09-20 18:37:08+00:00,1000 Drones for Ukraine,50.0
2023-09-20 18:51:30+00:00,General,98.46
2023-09-20 19:44:22+00:00,General,14.760000000000002
2023-09-20 19:58:19+00:00,General,13.99
2023-09-21 04:53:03+00:00,General,98.46
2023-09-21 05:02:32+00:00,1000 Drones for Ukraine,13.99
2023-09-21 05:21:18+00:00,Victory Drones,49.23
2023-09-21 09:08:04+00:00,General,19.69
2023-09-21 10:36:31+00:00,General,23.63
2023-09-21 11:12:37+00:00,General,50.47
2023-09-21 11:41:23+00:00,General,24.84
2023-09-21 14:34:38+00:00,General,50.0
2023-09-21 17:40:05+00:00,General,28.46
2023-09-21 17:41:56+00:00,Victory Drones,19.69
2023-09-22 15:44:49+00:00,,47.86
2023-09-22 19:25:40+00:00,1000 Drones for Ukraine,350.0
2023-09-23 10:50:54+00:00,General,298.14
2023-09-23 10:59:53+00:00,Victory Drones,2.97
2023-09-23 11:37:43+00:00,1000 Drones for Ukraine,76.72
2023-09-23 16:05:50+00:00,1000 Drones for Ukraine,33.29
2023-09-23 18:59:49+00:00,General,196.93
2023-09-24 05:38:44+00:00,General,300.0
2023-09-24 07:07:42+00:00,Veteranius,29.53
2023-09-24 15:07:09+00:00,Flight to Recovery,50.0
2023-09-24 18:50:26+00:00,1000 Drones for Ukraine,97.52
2023-09-24 19:47:12+00:00,Victory Drones,100.0
2023-09-24 23:51:02+00:00,1000 Drones for Ukraine,492.34
2023-09-25 03:05:11+00:00,Mobile Shower Laundry Units,10.0
2023-09-27 10:12:19+00:00,General,19.87
2023-09-27 10:53:45+00:00,Victory Drones,100.93
2023-09-27 20:48:44+00:00,General,98.46
2023-09-27 21:11:05+00:00,General,4.91
2023-09-28 06:00:07+00:00,1000 Drones for Ukraine,97.52
2023-09-28 10:26:21+00:00,General,4.960000000000001
2023-09-28 10:50:49+00:00,General,9.93
2023-09-28 10:58:31+00:00,General,24.84
2023-09-28 11:17:14+00:00,General,50.47
2023-09-28 11:18:23+00:00,General,149.07
2023-09-28 15:41:57+00:00,,8000.0
2023-09-29 10:39:28+00:00,General,96.02
2023-09-29 10:59:32+00:00,General,99.38
2023-09-29 15:09:00+00:00,General,9.16
2023-09-29 18:20:15+00:00,,50.0
2023-09-30 10:16:57+00:00,General,195.53
2023-09-30 11:11:02+00:00,General,9.84
2023-09-30 18:49:04+00:00,General,14.760000000000002
2023-10-01 10:30:50+00:00,1000 Drones for Ukraine,24.84
2023-10-01 11:19:02+00:00,General,24.610000000000003
2023-10-01 12:44:53+00:00,General,115.32
2023-10-01 13:08:57+00:00,General,4.91
2023-10-01 16:56:01+00:00,Flight to Recovery,20.0
2023-10-01 16:58:39+00:00,Mobile Shower Laundry Units,20.0
2023-10-01 17:31:12+00:00,General,9.84
2023-10-01 17:36:27+00:00,General,30.0
2023-10-01 17:44:16+00:00,Victory Drones,73.36
2023-10-01 23:45:03+00:00,General,39.38
2023-10-02 05:02:27+00:00,General,25.0
2023-10-02 05:11:10+00:00,General,25.0
2023-10-02 09:28:28+00:00,General,9.84
2023-10-02 10:19:50+00:00,1000 Drones for Ukraine,10.93
2023-10-02 11:45:00+00:00,General,11.92
2023-10-02 14:44:26+00:00,1000 Drones for Ukraine,59.08
2023-10-02 15:37:25+00:00,General,24.610000000000003
2023-10-02 20:31:50+00:00,General,73.83999999999999
2023-10-02 22:01:31+00:00,General,98.46
2023-10-02 23:43:30+00:00,General,50.0
2023-10-03 10:56:40+00:00,General,29.81
2023-10-03 19:41:43+00:00,General,49.23
2023-10-04 10:02:07+00:00,Flight to Recovery,99.38
2023-10-04 10:58:10+00:00,Victory Drones,99.38
2023-10-04 11:03:54+00:00,Flight to Recovery,50.47
2023-10-04 13:46:17+00:00,General,9.16
2023-10-04 15:41:33+00:00,1000 Drones for Ukraine,157.55
2023-10-05 23:51:27+00:00,1000 Drones for Ukraine,146.52
2023-10-06 10:41:27+00:00,General,49.23
2023-10-06 11:47:42+00:00,General,4.34
2023-10-06 14:13:35+00:00,General,4.34
2023-10-06 17:08:18+00:00,General,50.0
2023-10-06 18:49:03+00:00,General,50.0
2023-10-06 21:35:47+00:00,General,25.0
2023-10-07 07:21:43+00:00,General,47.76
2023-10-07 10:40:28+00:00,General,25.24
2023-10-07 11:21:06+00:00,General,69.0
2023-10-07 18:19:02+00:00,General,979.61
2023-10-07 20:58:44+00:00,General,100.0
2023-10-08 16:32:31+00:00,General,100.0
2023-10-08 17:40:55+00:00,General,49.23
2023-10-09 01:09:02+00:00,1000 Drones for Ukraine,200.0
2023-10-09 17:28:21+00:00,1000 Drones for Ukraine,196.93
2023-10-09 18:35:09+00:00,1000 Drones for Ukraine,31.85
2023-10-09 21:08:31+00:00,General,28.46
2023-10-10 10:30:38+00:00,General,29.81
2023-10-10 17:05:38+00:00,General,28.46
2023-10-10 20:05:51+00:00,1000 Drones for Ukraine,49.23
2023-10-10 20:37:14+00:00,,96.2
2023-10-11 10:22:37+00:00,General,100.93
2023-10-11 11:07:34+00:00,General,18.81
2023-10-11 11:25:28+00:00,General,4.960000000000001
2023-10-11 11:32:07+00:00,General,23.64
2023-10-11 11:36:59+00:00,General,47.76
2023-10-12 10:54:36+00:00,General,50.47
2023-10-12 13:21:20+00:00,General,2939.81
2023-10-13 10:13:51+00:00,General,25.24
2023-10-13 10:36:32+00:00,General,50.47
2023-10-13 10:46:56+00:00,General,29.53
2023-10-13 11:37:45+00:00,General,47.76
2023-10-13 13:04:46+00:00,General,50.0
2023-10-14 00:37:34+00:00,General,195.53
2023-10-14 08:51:31+00:00,General,207.76
2023-10-14 09:59:51+00:00,General,9.16
2023-10-14 12:49:39+00:00,General,47.76
2023-10-14 17:02:49+00:00,General,98.46
2023-10-14 19:43:46+00:00,General,50.0
2023-10-15 01:59:06+00:00,General,391.55
2023-10-15 07:52:49+00:00,General,24.610000000000003
2023-10-15 23:10:24+00:00,1000 Drones for Ukraine,100.0
2023-10-16 00:05:55+00:00,Flight to Recovery,10.0
2023-10-16 04:44:50+00:00,General,18.81
2023-10-16 11:18:58+00:00,General,99.38
2023-10-16 11:32:54+00:00,General,20.95
2023-10-16 13:46:54+00:00,General,49.23
2023-10-16 19:11:08+00:00,General,96.02
2023-10-17 10:15:48+00:00,General,14.9
2023-10-17 11:12:22+00:00,Victory Drones,2.97
2023-10-17 14:05:25+00:00,General,17.720000000000002
2023-10-17 18:27:21+00:00,1000 Drones for Ukraine,295.4
2023-10-17 18:36:55+00:00,General,100.0
2023-10-18 01:06:45+00:00,General,50.0
2023-10-18 01:24:35+00:00,General,24.01
2023-10-18 03:13:21+00:00,General,97.52
2023-10-18 15:24:03+00:00,1000 Drones for Ukraine,157.55
2023-10-18 18:39:27+00:00,General,38.11
2023-10-19 07:21:07+00:00,General,34.46
2023-10-19 10:05:57+00:00,General,49.23
2023-10-19 10:23:47+00:00,General,47.7
2023-10-19 10:28:56+00:00,General,9.93
2023-10-19 10:32:10+00:00,General,19.87
2023-10-19 11:15:08+00:00,1000 Drones for Ukraine,18.81
2023-10-19 11:41:26+00:00,General,38.5
2023-10-19 12:40:20+00:00,General,636.57
2023-10-19 21:55:14+00:00,General,18.81
2023-10-20 10:18:40+00:00,General,9.16
2023-10-20 10:59:48+00:00,General,70.08
2023-10-20 11:14:13+00:00,General,9.16
2023-10-21 02:55:28+00:00,General,100.0
2023-10-21 03:05:56+00:00,General,97.52
2023-10-21 05:42:06+00:00,General,28.46
2023-10-21 11:07:03+00:00,General,23.63
2023-10-21 11:08:44+00:00,General,50.47
2023-10-21 11:32:13+00:00,General,24.84
2023-10-21 19:47:18+00:00,General,295.4
2023-10-22 03:59:33+00:00,1000 Drones for Ukraine,96.02
2023-10-22 10:42:10+00:00,1000 Drones for Ukraine,196.93
2023-10-22 10:45:55+00:00,General,19.87
2023-10-22 16:31:30+00:00,General,100.0
2023-10-22 16:34:18+00:00,1000 Drones for Ukraine,100.0
2023-10-22 17:32:11+00:00,General,147.70000000000002
2023-10-23 01:17:20+00:00,General,49.23
2023-10-23 10:28:26+00:00,Victory Drones,2.97
2023-10-23 10:42:55+00:00,General,298.14
2023-10-23 17:42:07+00:00,General,19.69
2023-10-23 19:31:09+00:00,Victory Drones,19.69
2023-10-24 00:46:45+00:00,General,18.81
2023-10-24 10:16:03+00:00,Flight to Recovery,50.0
2023-10-24 13:11:44+00:00,General,47.76
2023-10-26 21:17:18+00:00,1000 Drones for Ukraine,23.64
2023-10-27 00:40:45+00:00,General,30.0
2023-10-27 01:23:44+00:00,General,50.0
2023-10-27 08:39:03+00:00,General,196.93
2023-10-27 11:25:31+00:00,Victory Drones,100.93
2023-10-27 13:19:38+00:00,General,28.91
2023-10-27 14:33:58+00:00,,9.26
2023-10-27 19:17:20+00:00,General,49.23
2023-10-28 10:24:57+00:00,General,24.84
2023-10-28 10:53:44+00:00,General,9.93
2023-10-28 10:54:16+00:00,General,4.960000000000001
2023-10-28 11:12:55+00:00,General,149.07
2023-10-28 11:28:47+00:00,General,50.47
2023-10-28 15:45:26+00:00,Mobile Shower Laundry Units,23.64
2023-10-28 15:49:06+00:00,Flight to Recovery,23.64
2023-10-28 15:51:05+00:00,1000 Drones for Ukraine,18.81
2023-10-29 07:30:57+00:00,General,9.84
2023-10-29 11:18:04+00:00,General,99.38
2023-10-29 17:20:46+00:00,General,18.81
2023-10-29 22:34:57+00:00,1000 Drones for Ukraine,73.83999999999999
2023-10-30 13:13:27+00:00,,13800.0
2023-10-30 16:07:47+00:00,General,50.0
2023-10-31 10:08:39+00:00,General,195.53
2023-10-31 13:48:11+00:00,General,984.68
2023-10-31 15:50:39+00:00,Mobile Shower Laundry Units,9.31
2023-10-31 20:15:27+00:00,Victory Drones,98.46
2023-11-01 10:30:09+00:00,1000 Drones for Ukraine,24.84
2023-11-01 23:44:33+00:00,General,34.79
2023-11-02 03:58:54+00:00,General,489.56
2023-11-02 10:30:05+00:00,General,11.92
2023-11-02 10:37:30+00:00,General,47.76
2023-11-02 11:03:07+00:00,1000 Drones for Ukraine,10.93
2023-11-02 11:20:03+00:00,General,98.46
2023-11-02 11:32:04+00:00,General,50.0
2023-11-02 12:31:32+00:00,General,9.84
2023-11-02 16:49:57+00:00,General,49.23
2023-11-02 18:15:10+00:00,General,300.0
2023-11-02 19:02:20+00:00,1000 Drones for Ukraine,98.46
2023-11-02 23:32:23+00:00,General,9.84
2023-11-03 09:38:38+00:00,General,98.46
2023-11-03 10:31:10+00:00,General,29.81
2023-11-03 12:48:23+00:00,1000 Drones for Ukraine,33.29
2023-11-03 20:07:50+00:00,1000 Drones for Ukraine,97.52
2023-11-04 11:07:55+00:00,Victory Drones,99.38
2023-11-04 11:16:00+00:00,Flight to Recovery,99.38
2023-11-04 11:17:08+00:00,Flight to Recovery,50.47
2023-11-04 17:05:53+00:00,1000 Drones for Ukraine,50.0
2023-11-04 17:51:54+00:00,Mobile Shower Laundry Units,48.51
2023-11-04 19:40:52+00:00,General,48.51
2023-11-04 20:05:25+00:00,1000 Drones for Ukraine,118.16
2023-11-04 20:08:09+00:00,Mobile Shower Laundry Units,96.49
2023-11-04 23:40:48+00:00,1000 Drones for Ukraine,146.52
2023-11-05 00:16:09+00:00,1000 Drones for Ukraine,393.87
2023-11-05 01:16:04+00:00,Mobile Shower Laundry Units,200.0
2023-11-05 02:06:46+00:00,1000 Drones for Ukraine,97.52
2023-11-05 03:59:45+00:00,1000 Drones for Ukraine,14.760000000000002
2023-11-05 04:10:50+00:00,Mobile Shower Laundry Units,13.99
2023-11-05 11:48:28+00:00,1000 Drones for Ukraine,14.760000000000002
2023-11-05 12:30:50+00:00,General,9.84
2023-11-05 13:16:46+00:00,Mobile Shower Laundry Units,489.56
2023-11-05 16:05:03+00:00,1000 Drones for Ukraine,97.52
2023-11-06 06:38:05+00:00,General,50.0
2023-11-06 11:32:18+00:00,General,4.34
2023-11-06 11:49:42+00:00,General,96.02
2023-11-06 14:31:26+00:00,1000 Drones for Ukraine,100.0
2023-11-06 16:39:25+00:00,General,98.46
2023-11-06 18:54:50+00:00,,30.57
2023-11-06 20:08:41+00:00,General,100.0
2023-11-07 10:27:52+00:00,General,25.24
2023-11-07 12:10:05+00:00,General,69.0
2023-11-07 15:29:08+00:00,General,50.0
2023-11-07 16:53:41+00:00,General,14.760000000000002
2023-11-07 20:05:30+00:00,General,29.53
2023-11-08 00:18:08+00:00,Mobile Shower Laundry Units,24.01
2023-11-08 01:14:55+00:00,General,587.57
2023-11-08 14:41:57+00:00,Mobile Shower Laundry Units,24.01
2023-11-08 17:38:35+00:00,General,492.34
2023-11-08 20:00:52+00:00,General,4.34
2023-11-09 01:16:00+00:00,1000 Drones for Ukraine,196.93
2023-11-09 15:48:46+00:00,General,50.0
2023-11-09 15:59:11+00:00,Flight to Recovery,18.81
2023-11-10 07:53:25+00:00,Mobile Shower Laundry Units,9.16
2023-11-10 09:52:33+00:00,General,49.23
2023-11-10 11:07:25+00:00,General,29.81
2023-11-10 16:40:33+00:00,Mobile Shower Laundry Units,244.53
2023-11-10 17:08:38+00:00,General,49.23
2023-11-10 19:13:19+00:00,Mobile Shower Laundry Units,96.02
2023-11-10 19:25:06+00:00,General,100.0
2023-11-10 20:02:26+00:00,Mobile Shower Laundry Units,47.76
2023-11-11 00:37:34+00:00,Mobile Shower Laundry Units,385.55
2023-11-11 10:14:34+00:00,General,47.76
2023-11-11 10:25:05+00:00,General,4.960000000000001
2023-11-11 11:00:48+00:00,General,23.64
2023-11-11 11:30:52+00:00,General,100.93
2023-11-11 11:36:56+00:00,General,18.81
2023-11-11 22:44:00+00:00,1000 Drones for Ukraine,97.52
2023-11-12 11:29:56+00:00,General,50.47
2023-11-12 22:51:49+00:00,General,34.79
2023-11-13 00:19:59+00:00,Flight to Recovery,50.0
2023-11-13 08:37:38+00:00,General,29.53
2023-11-13 09:32:17+00:00,General,1969.39
2023-11-13 10:24:40+00:00,General,47.76
2023-11-13 10:34:51+00:00,General,25.24
2023-11-13 16:55:59+00:00,General,100.0
2023-11-14 02:33:39+00:00,General,500.0
2023-11-14 19:46:34+00:00,1000 Drones for Ukraine,9.84
2023-11-14 20:53:04+00:00,General,9.84
2023-11-15 12:51:57+00:00,General,344.64
2023-11-15 21:58:31+00:00,General,29.53
2023-11-16 01:59:16+00:00,General,19.69
2023-11-16 10:14:10+00:00,General,96.02
2023-11-16 10:30:53+00:00,General,20.95
2023-11-16 11:28:58+00:00,General,99.38
2023-11-17 10:11:20+00:00,Victory Drones,2.97
2023-11-17 14:15:15+00:00,General,14.760000000000002
2023-11-17 14:35:13+00:00,,11500.0
2023-11-17 17:08:52+00:00,Mobile Shower Laundry Units,48.51
2023-11-17 20:25:47+00:00,General,47.76
2023-11-17 22:24:33+00:00,Mobile Shower Laundry Units,9.31
2023-11-17 22:44:07+00:00,Mobile Shower Laundry Units,675.08
2023-11-18 00:45:38+00:00,General,20.0
2023-11-18 12:28:28+00:00,Mobile Shower Laundry Units,48.51
2023-11-18 12:34:16+00:00,General,18.81
2023-11-18 22:38:07+00:00,General,47.76
2023-11-18 23:04:10+00:00,General,98.46
2023-11-18 23:23:13+00:00,General,200.0
2023-11-19 04:26:29+00:00,General,9.31
2023-11-19 10:01:04+00:00,1000 Drones for Ukraine,18.81
2023-11-19 10:27:21+00:00,General,9.93
2023-11-19 10:52:36+00:00,General,47.7
2023-11-19 11:19:52+00:00,General,19.87
2023-11-19 15:06:54+00:00,General,9.16
2023-11-20 02:25:46+00:00,General,50.0
2023-11-20 09:51:55+00:00,General,29.53
2023-11-20 09:57:01+00:00,General,9.84
2023-11-20 10:24:08+00:00,General,9.16
2023-11-20 10:40:31+00:00,General,70.08
2023-11-20 10:46:54+00:00,General,9.16
2023-11-20 11:13:22+00:00,General,97.52
2023-11-20 14:05:31+00:00,1000 Drones for Ukraine,19.69
2023-11-20 20:34:15+00:00,1000 Drones for Ukraine,34.46
2023-11-21 10:06:18+00:00,General,24.84
2023-11-21 10:08:27+00:00,General,50.47
2023-11-21 10:25:39+00:00,General,34.46
2023-11-21 10:59:19+00:00,General,23.63
2023-11-21 11:52:43+00:00,General,250.0
2023-11-21 20:33:06+00:00,General,9.16
2023-11-22 02:07:56+00:00,General,9.16
2023-11-22 02:09:29+00:00,1000 Drones for Ukraine,9.16
2023-11-22 04:07:18+00:00,General,500.0
2023-11-22 10:04:39+00:00,General,19.87
2023-11-22 16:07:06+00:00,1000 Drones for Ukraine,157.55
2023-11-23 10:06:54+00:00,General,50.47
2023-11-23 10:30:39+00:00,Victory Drones,2.97
2023-11-23 10:34:18+00:00,General,298.14
2023-11-23 12:21:24+00:00,General,500.0
2023-11-23 15:35:44+00:00,General,50.0
2023-11-23 16:08:37+00:00,General,28.46
2023-11-23 21:07:06+00:00,General,78.76
2023-11-24 10:16:24+00:00,Flight to Recovery,50.0
2023-11-24 10:50:52+00:00,Victory Drones,97.52
2023-11-24 14:28:47+00:00,General,10000.0
2023-11-24 19:12:14+00:00,1000 Drones for Ukraine,25.0
2023-11-25 08:35:16+00:00,1000 Drones for Ukraine,49.23
2023-11-25 10:48:04+00:00,General,590.81
2023-11-25 13:31:35+00:00,1000 Drones for Ukraine,196.93
2023-11-25 17:29:03+00:00,General,9.84
2023-11-25 17:41:32+00:00,General,18.71
2023-11-25 18:54:14+00:00,General,29.53
2023-11-26 04:27:15+00:00,General,100.0
2023-11-26 14:18:31+00:00,General,19.69
2023-11-26 19:12:10+00:00,Mobile Shower Laundry Units,96.02
2023-11-26 19:28:18+00:00,General,196.93
2023-11-26 23:40:50+00:00,General,28.91
2023-11-27 01:53:49+00:00,General,100.0
2023-11-27 10:41:22+00:00,Victory Drones,100.93
2023-11-27 19:03:27+00:00,General,49.23
2023-11-27 19:47:17+00:00,General,50.66
2023-11-27 22:02:28+00:00,General,984.68
2023-11-28 00:04:21+00:00,Mobile Shower Laundry Units,19.11
2023-11-28 10:53:57+00:00,General,149.07
2023-11-28 11:06:56+00:00,General,50.47
2023-11-28 11:16:09+00:00,General,24.84
2023-11-28 11:32:29+00:00,General,9.93
2023-11-28 11:35:29+00:00,General,4.960000000000001
2023-11-28 16:08:56+00:00,1000 Drones for Ukraine,98.46
2023-11-28 18:08:00+00:00,General,20.0
2023-11-28 19:07:36+00:00,Mobile Shower Laundry Units,48.51
2023-11-28 20:26:56+00:00,Mobile Shower Laundry Units,97.52
2023-11-29 01:34:16+00:00,Mobile Shower Laundry Units,24.01
2023-11-29 07:03:18+00:00,Mobile Shower Laundry Units,9.16
2023-11-29 10:08:31+00:00,Flight to Recovery,9.84
2023-11-29 10:11:37+00:00,Mobile Shower Laundry Units,9.16
2023-11-29 10:17:05+00:00,1000 Drones for Ukraine,9.84
2023-11-29 11:15:08+00:00,General,99.38
2023-11-29 12:01:23+00:00,Victory Drones,47.76
2023-11-29 12:44:13+00:00,,17500.0
2023-11-29 14:27:09+00:00,,98.88
2023-11-29 14:27:29+00:00,,111.44
2023-11-29 16:06:43+00:00,1000 Drones for Ukraine,157.55
2023-11-29 16:16:42+00:00,1000 Drones for Ukraine,47.76
2023-11-30 00:28:59+00:00,General,53.42
2023-11-30 10:21:51+00:00,General,195.53
2023-11-30 16:14:12+00:00,General,5.3
2023-11-30 18:31:28+00:00,,24.27
2023-11-30 20:50:36+00:00,General,147.70000000000002
2023-12-01 10:29:48+00:00,1000 Drones for Ukraine,24.84
2023-12-01 13:30:20+00:00,General,50.0
2023-12-01 15:15:12+00:00,General,39.38
2023-12-01 15:42:10+00:00,Mobile Shower Laundry Units,587.57
2023-12-01 18:24:02+00:00,General,50.0
2023-12-01 20:12:53+00:00,1000 Drones for Ukraine,49.23
2023-12-02 10:04:08+00:00,General,98.46
2023-12-02 10:19:43+00:00,General,11.92
2023-12-02 10:19:44+00:00,General,50.0
2023-12-02 11:31:01+00:00,General,9.84
2023-12-02 11:44:47+00:00,1000 Drones for Ukraine,10.93
2023-12-02 15:39:52+00:00,General,20.0
2023-12-02 15:48:12+00:00,General,45.0
2023-12-02 15:59:25+00:00,General,9.31
2023-12-02 16:22:24+00:00,1000 Drones for Ukraine,33.81
2023-12-02 16:35:10+00:00,General,40.0
2023-12-02 17:11:18+00:00,,33.81
2023-12-02 18:54:12+00:00,General,68.12
2023-12-02 19:38:37+00:00,General,14.21
2023-12-02 19:39:43+00:00,Mobile Shower Laundry Units,979.61
2023-12-02 22:57:08+00:00,General,19.69
2023-12-03 10:37:13+00:00,General,29.81
2023-12-03 20:24:14+00:00,1000 Drones for Ukraine,39.38
2023-12-04 11:14:20+00:00,Flight to Recovery,50.47
2023-12-04 11:25:56+00:00,Flight to Recovery,99.38
2023-12-04 11:36:06+00:00,General,19.69
2023-12-04 11:43:45+00:00,Victory Drones,99.38
2023-12-04 13:58:04+00:00,1000 Drones for Ukraine,192.53
2023-12-04 15:37:11+00:00,General,0.49
2023-12-05 05:50:19+00:00,Mobile Shower Laundry Units,19.11
2023-12-05 17:30:23+00:00,Mobile Shower Laundry Units,97.52
2023-12-05 18:40:40+00:00,General,19.11
2023-12-05 18:42:04+00:00,Mobile Shower Laundry Units,20.09
2023-12-05 19:06:27+00:00,General,100.0
2023-12-05 19:27:52+00:00,1000 Drones for Ukraine,48.51
2023-12-05 19:40:36+00:00,,96.12
2023-12-06 00:11:03+00:00,General,195.53
2023-12-06 10:15:10+00:00,General,4.34
2023-12-06 20:31:16+00:00,General,18.81
2023-12-06 22:40:21+00:00,General,49.23
2023-12-06 23:04:04+00:00,1000 Drones for Ukraine,196.93
2023-12-07 09:51:56+00:00,Victory Drones,98.46
2023-12-07 10:12:26+00:00,General,69.0
2023-12-07 10:19:53+00:00,General,25.24
2023-12-07 10:52:32+00:00,General,50.0
2023-12-07 11:08:12+00:00,Victory Drones,9.84
2023-12-07 12:23:23+00:00,General,47.76
2023-12-07 15:43:59+00:00,1000 Drones for Ukraine,9.16
2023-12-07 19:21:23+00:00,1000 Drones for Ukraine,23.64
2023-12-07 20:40:26+00:00,General,19.69
2023-12-07 22:00:35+00:00,General,100.0
2023-12-07 22:20:44+00:00,,96.12
2023-12-08 05:19:43+00:00,Victory Drones,100.0
2023-12-08 07:17:56+00:00,,18.81
2023-12-08 18:02:48+00:00,1000 Drones for Ukraine,289.04
2023-12-08 20:59:23+00:00,Victory Drones,200.0
2023-12-08 21:29:15+00:00,General,50.0
2023-12-09 00:33:53+00:00,Mobile Shower Laundry Units,489.56
2023-12-09 01:00:45+00:00,General,979.61
2023-12-09 04:13:14+00:00,General,200.0
2023-12-09 05:04:26+00:00,1000 Drones for Ukraine,50.0
2023-12-09 11:29:11+00:00,Victory Drones,73.83999999999999
2023-12-09 19:18:34+00:00,Mobile Shower Laundry Units,9.16
2023-12-09 20:45:34+00:00,General,192.01
2023-12-09 21:11:35+00:00,General,57.42
2023-12-10 00:24:32+00:00,General,50.0
2023-12-10 10:32:19+00:00,General,123.68
2023-12-10 10:36:49+00:00,General,29.81
2023-12-10 16:05:05+00:00,General,97.52
2023-12-10 17:52:30+00:00,General,29.53
2023-12-10 18:00:42+00:00,,14.41
2023-12-10 18:20:19+00:00,General,49.23
2023-12-10 18:40:43+00:00,General,2449.76
2023-12-10 21:36:26+00:00,General,29.53
2023-12-11 00:18:39+00:00,General,38.11
2023-12-11 03:01:03+00:00,General,500.0
2023-12-11 03:10:57+00:00,General,4.34
2023-12-11 06:38:13+00:00,1000 Drones for Ukraine,9.84
2023-12-11 10:07:35+00:00,General,4.960000000000001
2023-12-11 10:13:40+00:00,General,23.64
2023-12-11 10:19:12+00:00,General,100.93
2023-12-11 10:29:16+00:00,General,47.76
2023-12-11 11:29:31+00:00,General,18.81
2023-12-11 12:10:06+00:00,General,96.02
2023-12-11 13:51:20+00:00,General,98.46
2023-12-11 15:20:47+00:00,General,97.52
2023-12-11 16:21:21+00:00,General,49.23
2023-12-12 05:03:12+00:00,General,200.0
2023-12-12 11:08:06+00:00,General,50.47
2023-12-12 17:09:56+00:00,Mobile Shower Laundry Units,97.52
2023-12-12 17:29:56+00:00,Mobile Shower Laundry Units,86.37
2023-12-12 19:44:09+00:00,General,20.0
2023-12-13 03:37:15+00:00,General,350.0
2023-12-13 10:10:00+00:00,General,50.47
2023-12-13 10:22:01+00:00,General,47.76
2023-12-13 11:41:29+00:00,General,25.24
2023-12-13 16:58:54+00:00,General,97.52
2023-12-14 01:33:14+00:00,General,30.0
2023-12-14 02:29:57+00:00,General,50.0
2023-12-14 16:15:57+00:00,General,196.93
2023-12-15 06:14:05+00:00,General,100.0
2023-12-15 12:36:53+00:00,1000 Drones for Ukraine,9.84
2023-12-15 13:58:17+00:00,1000 Drones for Ukraine,157.55
2023-12-15 16:09:37+00:00,Mobile Shower Laundry Units,48.51
2023-12-16 04:55:21+00:00,General,0.48
2023-12-16 05:15:21+00:00,1000 Drones for Ukraine,14.760000000000002
2023-12-16 11:25:51+00:00,General,96.02
2023-12-16 11:30:15+00:00,General,198.76
2023-12-16 11:31:22+00:00,General,20.95
2023-12-17 10:12:18+00:00,Victory Drones,2.97
2023-12-17 10:58:24+00:00,General,47.76
2023-12-17 18:11:31+00:00,1000 Drones for Ukraine,48.51
2023-12-17 18:30:05+00:00,1000 Drones for Ukraine,49.23
2023-12-17 21:57:17+00:00,General,979.61
2023-12-18 03:48:56+00:00,1000 Drones for Ukraine,50.0
2023-12-18 10:17:47+00:00,,501.24
2023-12-18 11:29:07+00:00,General,47.76
2023-12-18 15:14:01+00:00,General,489.56
2023-12-19 10:34:17+00:00,General,47.7
2023-12-19 10:34:20+00:00,General,9.93
2023-12-19 10:41:45+00:00,General,19.87
2023-12-19 11:17:52+00:00,1000 Drones for Ukraine,18.81
2023-12-19 19:38:34+00:00,Victory Drones,100.0
2023-12-19 21:33:17+00:00,General,98.46
2023-12-19 21:45:10+00:00,General,18.81
2023-12-20 06:23:23+00:00,General,98.46
2023-12-20 10:04:52+00:00,General,70.08
2023-12-20 10:36:35+00:00,General,9.16
2023-12-20 10:38:45+00:00,Victory Drones,9.84
2023-12-20 11:12:06+00:00,,50.06
2023-12-20 19:30:25+00:00,General,492.34
2023-12-21 00:21:02+00:00,Flight to Recovery,4.41
2023-12-21 00:42:46+00:00,1000 Drones for Ukraine,50.0
2023-12-21 01:15:56+00:00,General,97.52
2023-12-21 02:23:24+00:00,1000 Drones for Ukraine,500.0
2023-12-21 03:35:26+00:00,General,40.0
2023-12-21 03:47:19+00:00,1000 Drones for Ukraine,100.0
2023-12-21 03:49:52+00:00,Mobile Shower Laundry Units,9.31
2023-12-21 05:49:42+00:00,General,97.52
2023-12-21 07:26:12+00:00,Mobile Shower Laundry Units,23.64
2023-12-21 07:26:50+00:00,General,9.84
2023-12-21 10:03:16+00:00,General,23.63
2023-12-21 10:26:30+00:00,General,24.84
2023-12-21 10:31:58+00:00,General,50.47
2023-12-21 11:58:33+00:00,General,196.93
2023-12-21 12:00:48+00:00,Mobile Shower Laundry Units,96.02
2023-12-21 12:01:32+00:00,Mobile Shower Laundry Units,47.76
2023-12-21 12:08:01+00:00,Mobile Shower Laundry Units,19.11
2023-12-21 12:27:57+00:00,Mobile Shower Laundry Units,9.16
2023-12-21 13:10:09+00:00,1000 Drones for Ukraine,23.64
2023-12-21 13:55:08+00:00,General,195.53
2023-12-21 14:46:13+00:00,Mobile Shower Laundry Units,49.23
2023-12-21 14:55:09+00:00,Victory Drones,49.23
2023-12-21 18:47:54+00:00,General,50.0
2023-12-21 19:28:45+00:00,Mobile Shower Laundry Units,97.52
2023-12-21 21:34:07+00:00,Mobile Shower Laundry Units,23.64
2023-12-21 21:45:36+00:00,,447.19
2023-12-21 22:22:58+00:00,1000 Drones for Ukraine,25.0
2023-12-21 22:31:25+00:00,1000 Drones for Ukraine,100.0
2023-12-22 03:31:25+00:00,,3169.3
2023-12-22 10:01:17+00:00,General,19.87
2023-12-22 10:49:41+00:00,1000 Drones for Ukraine,157.55
2023-12-22 12:37:20+00:00,Mobile Shower Laundry Units,23.64
2023-12-22 14:06:33+00:00,General,393.87
2023-12-22 21:43:30+00:00,General,98.46
2023-12-22 21:50:55+00:00,,19.77
2023-12-23 00:08:16+00:00,General,97.52
2023-12-23 03:33:43+00:00,General,200.0
2023-12-23 09:29:37+00:00,Mobile Shower Laundry Units,19.69
2023-12-23 10:38:09+00:00,General,298.14
2023-12-23 11:32:46+00:00,Victory Drones,2.97
2023-12-23 13:34:56+00:00,Mobile Shower Laundry Units,192.53
2023-12-23 13:57:28+00:00,General,97.52
2023-12-23 14:28:16+00:00,General,50.0
2023-12-23 16:20:21+00:00,1000 Drones for Ukraine,97.52
2023-12-23 19:19:53+00:00,General,97.52
2023-12-23 19:55:41+00:00,General,99.88
2023-12-23 21:21:26+00:00,1000 Drones for Ukraine,200.0
2023-12-24 03:59:38+00:00,General,10.0
2023-12-24 04:33:39+00:00,General,29.53
2023-12-24 05:52:26+00:00,General,75.0
2023-12-24 10:04:53+00:00,Flight to Recovery,50.0
2023-12-24 11:21:11+00:00,General,33.29
2023-12-24 12:18:48+00:00,General,19.69
2023-12-24 12:31:59+00:00,General,195.53
2023-12-24 21:20:29+00:00,Mobile Shower Laundry Units,48.51
2023-12-24 23:03:16+00:00,1000 Drones for Ukraine,100.0
2023-12-25 04:27:53+00:00,1000 Drones for Ukraine,1000.0
2023-12-25 07:09:19+00:00,General,18.81
2023-12-25 10:20:03+00:00,Victory Drones,9.84
2023-12-25 10:49:07+00:00,General,18.71
2023-12-25 18:59:06+00:00,1000 Drones for Ukraine,9.82
2023-12-25 21:15:14+00:00,General,150.0
2023-12-25 22:44:30+00:00,,3880.0
2023-12-25 22:45:56+00:00,,21000.0
2023-12-25 22:46:30+00:00,General,24.610000000000003
2023-12-25 22:50:19+00:00,General,100.0
2023-12-26 03:25:57+00:00,1000 Drones for Ukraine,50.0
2023-12-26 04:24:45+00:00,1000 Drones for Ukraine,28.46
2023-12-26 07:24:52+00:00,1000 Drones for Ukraine,96.02
2023-12-26 10:22:48+00:00,General,28.91
2023-12-26 14:27:07+00:00,Mobile Shower Laundry Units,97.52
2023-12-26 18:18:54+00:00,Mobile Shower Laundry Units,391.55
2023-12-26 23:59:56+00:00,1000 Drones for Ukraine,100.0
2023-12-27 02:48:28+00:00,1000 Drones for Ukraine,200.0
2023-12-27 10:02:41+00:00,Victory Drones,100.93
2023-12-27 19:27:05+00:00,1000 Drones for Ukraine,73.83999999999999
2023-12-27 19:30:03+00:00,Mobile Shower Laundry Units,47.76
2023-12-27 21:31:17+00:00,General,9.84
2023-12-28 07:49:28+00:00,,101.68
2023-12-28 10:06:02+00:00,General,4.960000000000001
2023-12-28 10:12:15+00:00,Victory Drones,28.91
2023-12-28 10:53:11+00:00,General,24.84
2023-12-28 11:01:42+00:00,General,9.93
2023-12-28 11:11:34+00:00,General,50.47
2023-12-28 11:11:54+00:00,General,149.07
2023-12-28 16:52:08+00:00,General,250.0
2023-12-28 19:33:58+00:00,1000 Drones for Ukraine,600.0
2023-12-28 20:51:09+00:00,General,9.84
2023-12-28 22:32:46+00:00,1000 Drones for Ukraine,50.0
2023-12-28 22:34:12+00:00,,3000.0
2023-12-29 01:21:35+00:00,General,979.61
2023-12-29 07:35:28+00:00,,1000.0
2023-12-29 09:22:28+00:00,1000 Drones for Ukraine,196.93
2023-12-29 10:32:46+00:00,General,99.38
2023-12-29 12:03:03+00:00,General,19.69
2023-12-29 12:06:29+00:00,General,16.88
2023-12-29 15:07:02+00:00,Victory Drones,315.0
2023-12-29 15:09:25+00:00,,48.51
2023-12-29 15:56:32+00:00,General,50.0
2023-12-29 16:13:19+00:00,General,146.52
2023-12-29 17:10:32+00:00,General,24.610000000000003
2023-12-29 17:16:30+00:00,General,50.0
2023-12-29 17:34:57+00:00,Flight to Recovery,9.84
2023-12-29 18:33:16+00:00,1000 Drones for Ukraine,3000.0
2023-12-29 21:19:43+00:00,1000 Drones for Ukraine,100.0
2023-12-29 21:35:18+00:00,General,147.70000000000002
2023-12-29 23:28:13+00:00,Mobile Shower Laundry Units,48.51
2023-12-29 23:32:55+00:00,1000 Drones for Ukraine,48.51
2023-12-30 00:09:15+00:00,1000 Drones for Ukraine,500.0
2023-12-30 00:12:57+00:00,General,250.0
2023-12-30 00:58:41+00:00,1000 Drones for Ukraine,195.53
2023-12-30 01:42:48+00:00,1000 Drones for Ukraine,15.0
2023-12-30 01:55:25+00:00,,5000.0
2023-12-30 01:56:53+00:00,Victory Drones,97.52
2023-12-30 02:24:21+00:00,General,150.0
2023-12-30 03:24:39+00:00,General,140.0
2023-12-30 04:56:15+00:00,Mobile Shower Laundry Units,48.51
2023-12-30 08:44:35+00:00,Mobile Shower Laundry Units,47.76
2023-12-30 09:53:34+00:00,1000 Drones for Ukraine,9.84
2023-12-30 10:51:35+00:00,General,5.3
2023-12-30 11:14:06+00:00,1000 Drones for Ukraine,49.23
2023-12-30 12:29:29+00:00,1000 Drones for Ukraine,33.29
2023-12-30 12:49:23+00:00,General,246.17
2023-12-30 13:34:51+00:00,Mobile Shower Laundry Units,96.02
2023-12-30 14:25:32+00:00,General,97.52
2023-12-30 15:08:35+00:00,Victory Drones,9.84
2023-12-30 16:43:07+00:00,General,250.0
2023-12-30 16:45:56+00:00,Victory Drones,50.0
2023-12-30 16:57:14+00:00,General,500.0
2023-12-30 18:08:20+00:00,Mobile Shower Laundry Units,24.01
2023-12-30 19:32:13+00:00,General,749.99
2023-12-30 19:43:25+00:00,General,11.81
2023-12-30 19:56:36+00:00,General,200.0
2023-12-30 20:47:48+00:00,1000 Drones for Ukraine,49.23
2023-12-30 23:49:20+00:00,Mobile Shower Laundry Units,23.64
2023-12-31 07:19:37+00:00,General,24.610000000000003
2023-12-31 10:08:21+00:00,General,28.46
2023-12-31 11:05:47+00:00,General,24.610000000000003
2023-12-31 11:08:01+00:00,General,195.53
2023-12-31 12:43:14+00:00,General,15.0
2023-12-31 15:41:03+00:00,1000 Drones for Ukraine,108.31
2023-12-31 17:07:12+00:00,1000 Drones for Ukraine,1000.0
2023-12-31 17:35:56+00:00,General,293.54
2023-12-31 18:22:10+00:00,General,40.0
2023-12-31 19:40:53+00:00,General,1800.0
2023-12-31 19:58:48+00:00,General,750.0
2023-12-31 21:59:21+00:00,General,97.52
2023-12-31 22:30:49+00:00,General,98.46
2023-12-31 23:12:41+00:00,General,500.0
2024-01-01 01:04:31+00:00,General,489.56
2024-01-01 01:33:12+00:00,General,100.0
2024-01-01 12:27:36+00:00,1000 Drones for Ukraine,24.84
2024-01-01 16:51:11+00:00,General,1000.0
2024-01-01 17:40:31+00:00,,9.65
2024-01-02 06:31:14+00:00,General,100.0
2024-01-02 10:18:58+00:00,General,98.46
2024-01-02 10:51:48+00:00,1000 Drones for Ukraine,10.93
2024-01-02 10:56:58+00:00,General,50.0
2024-01-02 11:28:26+00:00,General,9.84
2024-01-02 11:39:51+00:00,1000 Drones for Ukraine,246.17
2024-01-02 11:47:45+00:00,General,11.92
2024-01-02 15:48:48+00:00,General,26.53
2024-01-02 16:40:29+00:00,General,98.46
2024-01-02 17:55:37+00:00,General,98.46
2024-01-02 19:29:51+00:00,General,100.0
2024-01-02 19:43:03+00:00,General,19.69
2024-01-03 09:05:01+00:00,,1167.56
2024-01-03 10:38:20+00:00,General,29.81
2024-01-03 18:00:50+00:00,General,48.51
2024-01-04 00:19:47+00:00,1000 Drones for Ukraine,67.07
2024-01-04 00:23:56+00:00,General,19.11
2024-01-04 01:41:24+00:00,General,10.29
2024-01-04 02:32:31+00:00,,12000.0
2024-01-04 02:42:47+00:00,1000 Drones for Ukraine,97.52
2024-01-04 06:17:45+00:00,General,100.0
2024-01-04 10:00:48+00:00,Flight to Recovery,99.38
2024-01-04 10:08:01+00:00,Victory Drones,99.38
2024-01-04 11:38:40+00:00,Flight to Recovery,50.47
2024-01-04 13:48:15+00:00,1000 Drones for Ukraine,492.34
2024-01-04 14:03:27+00:00,1000 Drones for Ukraine,196.93
2024-01-04 15:04:37+00:00,General,26.53
2024-01-04 16:34:44+00:00,General,50.0
2024-01-04 20:09:28+00:00,General,49.23
2024-01-05 14:50:30+00:00,,100.0
2024-01-06 05:45:02+00:00,1000 Drones for Ukraine,9.84
2024-01-06 10:56:43+00:00,1000 Drones for Ukraine,14.760000000000002
2024-01-06 11:06:27+00:00,General,4.34
2024-01-06 12:17:30+00:00,Victory Drones,29.53
2024-01-06 17:13:14+00:00,General,984.68
2024-01-06 20:53:54+00:00,General,30.0
2024-01-06 21:01:32+00:00,1000 Drones for Ukraine,100.0
2024-01-07 00:13:53+00:00,Victory Drones,9.16
2024-01-07 03:08:06+00:00,1000 Drones for Ukraine,97.52
2024-01-07 04:14:11+00:00,1000 Drones for Ukraine,196.93
2024-01-07 10:33:21+00:00,General,19.69
2024-01-07 11:05:13+00:00,General,69.0
2024-01-07 11:22:43+00:00,General,25.24
2024-01-07 21:19:53+00:00,General,49.23
2024-01-08 17:17:59+00:00,1000 Drones for Ukraine,47.76
2024-01-08 20:48:16+00:00,General,4.91
2024-01-08 20:59:55+00:00,1000 Drones for Ukraine,100.0
2024-01-09 10:54:10+00:00,General,100.0
2024-01-09 17:03:52+00:00,,201.87
2024-01-09 18:59:15+00:00,1000 Drones for Ukraine,19.69
2024-01-10 04:49:49+00:00,General,97.52
2024-01-10 10:22:01+00:00,General,98.46
2024-01-10 11:19:29+00:00,General,29.81
2024-01-10 18:16:45+00:00,1000 Drones for Ukraine,97.52
2024-01-10 21:14:29+00:00,General,98.46
2024-01-10 23:51:03+00:00,Mobile Shower Laundry Units,9.16
2024-01-11 04:37:40+00:00,Victory Drones,19.69
2024-01-11 10:20:07+00:00,General,100.93
2024-01-11 10:21:30+00:00,General,47.76
2024-01-11 10:56:45+00:00,General,4.960000000000001
2024-01-11 11:19:01+00:00,General,96.02
2024-01-11 11:23:21+00:00,General,18.81
2024-01-11 11:29:11+00:00,General,23.64
2024-01-11 23:20:31+00:00,General,15.0
2024-01-12 10:07:26+00:00,General,50.47
2024-01-12 21:06:25+00:00,General,192.53
2024-01-13 03:01:36+00:00,1000 Drones for Ukraine,1000.0
2024-01-13 10:39:56+00:00,General,25.24
2024-01-13 10:47:43+00:00,General,50.47
2024-01-13 10:49:24+00:00,General,47.76
2024-01-13 23:49:37+00:00,,100.0
2024-01-14 10:06:37+00:00,Victory Drones,350.0
2024-01-14 14:22:54+00:00,1000 Drones for Ukraine,100.0
2024-01-14 14:54:45+00:00,Victory Drones,28.46
2024-01-14 16:55:57+00:00,General,25.0
2024-01-14 21:20:12+00:00,Victory Drones,19.69
2024-01-15 11:25:49+00:00,Victory Drones,4.91
2024-01-15 19:24:59+00:00,Victory Drones,49.23
2024-01-15 20:12:36+00:00,General,98.46
2024-01-16 10:16:18+00:00,General,96.02
2024-01-16 11:15:39+00:00,General,99.38
2024-01-16 11:41:53+00:00,General,20.95
2024-01-17 10:55:16+00:00,General,47.76
2024-01-17 11:23:00+00:00,Victory Drones,2.97
2024-01-17 12:13:00+00:00,General,4.91
2024-01-18 02:38:53+00:00,General,40.0
2024-01-18 08:21:18+00:00,Victory Drones,49.23
2024-01-18 11:21:18+00:00,General,47.76
2024-01-18 13:53:23+00:00,General,979.61
2024-01-18 14:37:39+00:00,General,75.0
2024-01-18 16:36:21+00:00,Victory Drones,28.91
2024-01-18 19:17:06+00:00,Victory Drones,48.51
2024-01-19 06:51:12+00:00,General,9.84
2024-01-19 06:51:51+00:00,General,9.84
2024-01-19 09:25:13+00:00,General,482.06
2024-01-19 10:35:54+00:00,General,19.87
2024-01-19 10:40:30+00:00,1000 Drones for Ukraine,18.81
2024-01-19 10:48:29+00:00,General,9.93
2024-01-19 10:53:01+00:00,General,47.7
2024-01-19 18:27:07+00:00,1000 Drones for Ukraine,100.0
2024-01-19 18:54:12+00:00,General,295.4
2024-01-19 19:52:34+00:00,1000 Drones for Ukraine,100.0
2024-01-19 21:20:14+00:00,General,98.46
2024-01-20 05:33:39+00:00,Victory Drones,19.69
2024-01-20 10:00:48+00:00,General,70.08
2024-01-20 11:26:10+00:00,General,9.16
2024-01-20 17:59:56+00:00,,195.53
2024-01-20 20:19:17+00:00,Victory Drones,25.0
2024-01-21 10:21:17+00:00,General,50.47
2024-01-21 11:15:13+00:00,General,24.84
2024-01-21 11:30:40+00:00,General,23.63
2024-01-22 10:15:17+00:00,General,19.87
2024-01-22 21:57:14+00:00,Victory Drones,196.93
2024-01-23 10:39:33+00:00,General,298.14
2024-01-23 11:01:38+00:00,Victory Drones,2.97
2024-01-23 14:53:48+00:00,,18.81
2024-01-23 20:20:08+00:00,Victory Drones,19.69
2024-01-23 22:13:19+00:00,Mobile Shower Laundry Units,244.53
2024-01-24 03:25:15+00:00,General,150.0
2024-01-24 07:20:40+00:00,Mobile Shower Laundry Units,96.02
2024-01-24 10:19:05+00:00,Flight to Recovery,50.0
2024-01-25 03:31:25+00:00,General,40.0
2024-01-25 06:19:47+00:00,1000 Drones for Ukraine,196.92
2024-01-25 10:57:18+00:00,General,37.42
2024-01-25 17:31:19+00:00,,8453.98
2024-01-25 17:44:24+00:00,Mobile Shower Laundry Units,195.04
2024-01-25 20:40:57+00:00,Mobile Shower Laundry Units,95.52
2024-01-26 04:03:06+00:00,Victory Drones,100.0
2024-01-26 08:59:44+00:00,General,34.46
2024-01-26 10:46:08+00:00,General,28.91
2024-01-26 14:41:41+00:00,General,20.0
2024-01-26 14:59:27+00:00,General,9.84
2024-01-26 15:53:38+00:00,General,300.0
2024-01-26 16:49:28+00:00,Victory Drones,147.70000000000002
2024-01-26 19:37:22+00:00,General,49.23
2024-01-27 11:56:28+00:00,Victory Drones,100.93
2024-01-27 12:57:45+00:00,Victory Drones,98.46
2024-01-27 19:30:40+00:00,General,98.46
2024-01-27 19:48:41+00:00,General,0.48
2024-01-28 10:01:15+00:00,Victory Drones,28.91
2024-01-28 10:09:38+00:00,General,4.960000000000001
2024-01-28 10:46:52+00:00,General,24.84
2024-01-28 11:17:28+00:00,General,149.07
2024-01-28 11:20:51+00:00,General,50.47
2024-01-28 11:34:10+00:00,General,9.93
2024-01-29 03:17:36+00:00,,205.41
2024-01-29 03:17:53+00:00,,223.56
2024-01-29 03:18:21+00:00,,16441.0
2024-01-29 11:17:35+00:00,General,99.38
2024-01-29 15:44:31+00:00,1000 Drones for Ukraine,200.0
2024-01-30 02:51:00+00:00,,299.0
2024-01-30 06:26:22+00:00,General,100.0
2024-01-30 11:18:36+00:00,General,5.3
2024-01-30 15:07:52+00:00,1000 Drones for Ukraine,100.0
2024-01-30 19:37:11+00:00,Victory Drones,49.23
