Date,Category,FullName,Email,Country,State,City,Currency,Amount
2023-06-14 21:51:02+00:00,,,,,,,USD,5000.0
2023-06-25 00:09:06+00:00,,,,,,,USD,3000.0
2023-06-28 01:35:56+00:00,,,,,,,USD,3000.0
2023-07-05 02:15:06+00:00,,,,,,,USD,7000.0
2023-07-17 03:44:26+00:00,,,,,,,USD,6000.0
2023-07-23 20:34:59+00:00,,,,,,,USD,5000.0
2023-07-26 16:44:25+00:00,General,Ulyana Filinskyy,evgeniy24@yahoo.com,US,CT,Westport,USD,3000.0
2023-07-31 03:05:40+00:00,,,,,,,USD,9600.0
2023-08-07 04:09:14+00:00,,,,,,,USD,6400.0
2023-08-10 00:12:28+00:00,,,,,,,USD,3000.0
2023-08-20 04:30:27+00:00,,,,,,,USD,6000.0
2023-09-10 04:04:55+00:00,General,Steven Maksin,s.maksin@mlgpllc.com,US,NV,Las Vegas,USD,2912.81
2023-09-13 01:58:34+00:00,,,,,,,USD,20000.0
2023-09-28 15:41:57+00:00,,,,,,,USD,8000.0
2023-10-12 13:21:20+00:00,General,Anastasia Solovaniuk,asolovaniuk@gmail.com,US,NC,Durham,USD,2939.81
2023-10-30 13:13:27+00:00,,,,,,,USD,13800.0
2023-11-17 14:35:13+00:00,,,,,,,USD,11500.0
2023-11-24 14:28:47+00:00,General,Roland Peralta,roland@nutrafol.com,US,FL,Miami Beach,USD,10000.0
2023-11-29 12:44:13+00:00,,,,,,,USD,17500.0
2023-12-22 03:31:25+00:00,,PayPal Giving Fund,PPGFUSPay@paypalgivingfund.org,,,,USD,3169.3
2023-12-25 22:44:30+00:00,,,,,,,USD,3880.0
2023-12-25 22:45:56+00:00,,,,,,,USD,21000.0
2023-12-28 22:34:12+00:00,,,,,,,USD,3000.0
2023-12-29 18:33:16+00:00,1000 Drones for Ukraine,Pavlo Mileshchenko,pavlo.mileshchenko@gmail.com,US,NY,Brooklyn,USD,3000.0
2023-12-30 01:55:25+00:00,,,,,,,USD,5000.0
2024-01-04 02:32:31+00:00,,,,,,,USD,12000.0
2024-01-25 17:31:19+00:00,,PayPal Giving Fund,PPGFUSPay@paypalgivingfund.org,,,,USD,4226.99
2024-01-29 03:18:21+00:00,,,,,,,USD,16441.0
